Source,Headline,PubDate,Date,Headline Length
https://finance.yahoo.com/news/terex-caterpillar-titan-international-ryder-205044687.html,"Terex, Caterpillar, Titan International, Ryder, and Littelfuse Shares Are Falling, What You Need To Know",2026-01-24,2026-01-24,104
https://finance.yahoo.com/m/5e7a1b9e-8a0e-3023-8f7a-89cdbdd8d5e1/stock-market-today%3A-dow-falls.html,Stock Market Today: Dow Falls While Nasdaq Is The Day's Bright Spot (Live Coverage),2026-01-24,2026-01-24,83
https://finance.yahoo.com/video/mag-7-earnings-feds-rate-000012663.html,"Mag 7 earnings, Fed's rate decision: What to Watch",2026-01-24,2026-01-24,50
https://finance.yahoo.com/news/live/earnings-live-intel-stock-plunges-with-more-big-tech-earnings-from-apple-microsoft-and-tesla-ahead-213536730.html,"Earnings live: Intel stock plunges, with more Big Tech earnings from Apple, Microsoft, and Tesla ahead",2026-01-24,2026-01-24,102
https://finance.yahoo.com/m/9c67d261-2ec7-3404-8375-4ecea0e235f3/dow-jones-futures%3A-tesla%2C.html,"Dow Jones Futures: Tesla, Microsoft, Meta, Apple Lead Earnings Wave; What To Do Now",2026-01-24,2026-01-24,83
https://finance.yahoo.com/news/barclays-adjusts-caterpillar-price-target-130952668.html,"Barclays Adjusts Caterpillar Price Target to $610 From $555, Maintains Equal Weight Rating",2026-01-23,2026-01-23,90
https://finance.yahoo.com/news/wells-fargo-adjusts-caterpillar-price-131256252.html,"Wells Fargo Adjusts Caterpillar Price Target to $702 From $675, Maintains Overweight Rating",2026-01-23,2026-01-23,91
https://finance.yahoo.com/news/assessing-caterpillar-cat-valuation-strong-160858036.html,Assessing Caterpillar (CAT) Valuation After Strong Recent Share Price Momentum,2026-01-23,2026-01-23,78
https://finance.yahoo.com/news/mining-drill-bits-global-market-120900251.html,"Mining Drill Bits Global Market Forecast, 2031: Caterpillar, Epiroc Corporate, Brunner & Lay, Robit, Sandvik Lead the Industry",2026-01-23,2026-01-23,126
https://finance.yahoo.com/video/caterpillar-e-l-f-beauty-154527369.html,"Caterpillar, e.l.f. Beauty, Starbucks: Top Analyst Calls",2026-01-23,2026-01-23,56
https://finance.yahoo.com/m/9e4a6379-f0c2-31d5-b3d8-277c5310bd07/70-aristocrat-stocks-in-one.html,70 Aristocrat Stocks in One Fund: NOBL Delivers Dividend Growth Retirees Can Trust Right Now,2026-01-22,2026-01-22,92
https://finance.yahoo.com/news/shares-asia-track-european-markets-042240465.html,Wall Street sinks as Trump threatens 8 European countries with tariffs over Greenland,2026-01-20,2026-01-20,85
https://finance.yahoo.com/news/jobs-in-skilled-trades-are-too-difficult-to-access-carhartt-ceo-173251592.html,Jobs in skilled trades are too 'difficult to access': Carhartt CEO,2026-01-17,2026-01-17,66
https://finance.yahoo.com/news/china-showcases-ai-powered-consumer-171911344.html,China Showcases AI-Powered Consumer and Robotics Products at CES,2026-01-16,2026-01-16,64
https://finance.yahoo.com/news/why-investors-advantage-2-industrial-140005460.html,Why Investors Need to Take Advantage of These 2 Industrial Products Stocks Now,2026-01-16,2026-01-16,78
https://finance.yahoo.com/news/theres-lot-caterpillars-nyse-cat-100014910.html,There's A Lot To Like About Caterpillar's (NYSE:CAT) Upcoming US$1.51 Dividend,2026-01-16,2026-01-16,78
https://finance.yahoo.com/news/caterpillar-inc-announce-fourth-quarter-230100350.html,Caterpillar Inc. to Announce Fourth-Quarter and Full-Year 2025 Financial Results on January 29,2026-01-16,2026-01-16,94
https://finance.yahoo.com/m/06a46c9c-2449-3520-a408-af4a46bfdf81/3-top-dow-jones-dividend.html,3 Top Dow Jones Dividend Stocks to Buy for Passive Income in 2026,2026-01-16,2026-01-16,65
https://finance.yahoo.com/news/bofa-securities-adjusts-price-target-163437322.html,"BofA Securities Adjusts Price Target on Caterpillar to $708 From $650, Maintains Buy Rating",2026-01-15,2026-01-15,91
https://finance.yahoo.com/news/caterpillar-announces-leadership-transition-construction-210500612.html,Caterpillar Announces Leadership Transition in Construction Industries,2026-01-15,2026-01-15,70
https://finance.yahoo.com/m/f631c713-1e1e-3254-a4ab-3993fd7edfdd/caterpillar%E2%80%99s-30%25-payout.html,Caterpillar’s 30% Payout Ratio Shows Why Its Dividend Can Survive the Next Recession,2026-01-15,2026-01-15,84
https://finance.yahoo.com/news/pronto-announces-industry-milestone-north-131800153.html,Pronto Announces Industry Milestone: North America’s First Fully Autonomous Mixed-Fleet Quarry Surpasses Two Million Tons Hauled,2026-01-15,2026-01-15,128
https://finance.yahoo.com/m/8bf19dc7-d826-3af3-849d-8a61287dbe6b/ge-vernova-gets-a-new-price.html,GE Vernova Gets a New Price Target. It’s the Highest on Wall Street.,2026-01-13,2026-01-13,68
https://finance.yahoo.com/m/bb0e507f-52d4-3144-9a14-904f6f319234/this-nvidia-partnership-shows.html,This NVIDIA Partnership Shows How Big AI Can Really Get,2026-01-13,2026-01-13,55
https://finance.yahoo.com/news/zacks-industry-outlook-highlights-caterpillar-151100943.html,"Zacks Industry Outlook Highlights Caterpillar, Terex and Astec Industries",2026-01-12,2026-01-12,73
https://finance.yahoo.com/m/da33b42d-360e-3b16-b683-28e0d053e6d2/ge-vernova%E2%80%99s-soaring-stock.html,GE Vernova’s Soaring Stock Highlights a Problem With ‘Good Times’,2026-01-10,2026-01-10,65
https://finance.yahoo.com/m/ccc6ea66-266d-3175-b2d4-21e9f92937dc/one-agriculture-equipment.html,One Agriculture Equipment Giant Dominated Last Month Despite Sector Challenges,2026-01-10,2026-01-10,78
https://finance.yahoo.com/news/zacks-analyst-blog-highlights-johnson-102300591.html,"The Zacks Analyst Blog Highlights Johnson & Johnson, Caterpillar, Qualcomm, Fossil and Jones Soda",2026-01-09,2026-01-09,97
https://finance.yahoo.com/news/top-analyst-reports-johnson-johnson-215300533.html,"Top Analyst Reports for Johnson & Johnson, Caterpillar and Qualcomm",2026-01-09,2026-01-09,67
https://finance.yahoo.com/news/3-construction-mining-equipment-stocks-125200158.html,3 Construction & Mining Equipment Stocks to Watch Despite Industry Headwinds,2026-01-09,2026-01-09,76
https://finance.yahoo.com/news/us-trader-guide-supreme-court-120000501.html,A US Trader’s Guide to the Supreme Court’s Looming Tariff Ruling,2026-01-09,2026-01-09,64
https://finance.yahoo.com/m/95ac142c-0735-364e-94cd-390dba112710/trump-tariff-takedown-threat%3A.html,Trump Tariff Takedown Threat: 2 Stocks Facing Supreme Court Doom,2026-01-09,2026-01-09,64
https://finance.yahoo.com/m/96f0c30e-e82a-3aca-acf2-6a8874517603/caterpillar-gets-physical.html,Caterpillar Gets Physical With Construction Site AI,2026-01-08,2026-01-08,51
https://finance.yahoo.com/m/d4f66f52-f3f3-3394-830f-a3369865787f/caterpillar-bringing-ai.html,"Caterpillar Bringing AI Smarts, Autonomy To Construction Sites",2026-01-08,2026-01-08,62
https://finance.yahoo.com/m/2302f6ce-4801-3785-bf61-71890357b885/here-are-thursday%E2%80%99s-top-wall.html,"Here Are Thursday’s Top Wall Street Analyst Research Calls: Alphabet, Coinbase Global, Digital Realty Trust, Intuit, Reddit, Roku, Tyler Technologies, and More",2026-01-08,2026-01-08,159
https://finance.yahoo.com/m/f47726b8-49fc-3941-aaa0-41244d270ee8/brady-stock-is-up-13%25-this.html,"Brady Stock Is up 13% This Past Year, but Here's Why One Fund Cashed Out Completely",2026-01-08,2026-01-08,83
https://finance.yahoo.com/m/8ff42de7-01a1-3ac9-bef4-e32c6b61754a/review-%26-preview%3A-dow-49k.html,Review & Preview: Dow 49K,2026-01-07,2026-01-07,25
https://finance.yahoo.com/news/zacks-analyst-blog-caterpillar-komatsu-101100671.html,"The Zacks Analyst Blog Caterpillar, Komatsu and Terex",2026-01-05,2026-01-05,53
https://finance.yahoo.com/m/85c16c04-b1dd-39e3-b66f-de621013e8a7/this-ai-data-center-play-just.html,This AI Data Center Play Just Got Upgraded On Its Earnings Potential,2026-01-03,2026-01-03,68
https://finance.yahoo.com/news/caterpillar-cat-finds-growth-engine-000337993.html,Caterpillar (CAT) Finds a New Growth Engine in Data Center Power Demand,2026-01-03,2026-01-03,71
https://finance.yahoo.com/news/58-run-2025-cat-stock-163000920.html,"After a 58% Run in 2025, is CAT Stock Still a Buy in 2026?",2026-01-03,2026-01-03,58
https://finance.yahoo.com/m/b1a9431f-779f-306e-8cb0-7864e6aed1d6/earnings-preview%3A-what-to.html,Earnings Preview: What to Expect From Caterpillar’s Report,2026-01-02,2026-01-02,58
https://finance.yahoo.com/news/wolfe-research-adjusts-price-target-102807735.html,"Wolfe Research Adjusts Price Target on Caterpillar to $670 From $470, Maintains Outperform Rating",2026-01-02,2026-01-02,97
https://finance.yahoo.com/m/8ed7b8aa-1fc8-3609-9825-dbef65531f92/evaluating-caterpillar.html,Evaluating Caterpillar Stock's Actual Performance,2026-01-02,2026-01-02,49
https://finance.yahoo.com/news/where-vale-vale-headed-144414584.html,Where is Vale S.A. (VALE) Headed?,2026-01-02,2026-01-02,33
https://finance.yahoo.com/news/heavy-machinery-stocks-q3-earnings-033600246.html,Heavy Machinery Stocks Q3 Earnings: Caterpillar (NYSE:CAT) Best of the Bunch,2026-01-01,2026-01-01,76
https://finance.yahoo.com/m/53341c92-b2a7-3098-b909-9f97a4552524/caterpillar-stock-is-an.html,Caterpillar Stock Is an Unlikely AI Play as Data Center Power Demand Surges,2026-01-01,2026-01-01,75
https://finance.yahoo.com/m/9ced2b5c-b62b-31a8-9790-04510ee94368/ai-is-transforming-this.html,AI Is Transforming This Once-Boring Blue-Chip Stock. Is It a Buy for 2026?,2026-01-01,2026-01-01,74
https://finance.yahoo.com/m/e4e88dfa-a94b-36be-bb51-48d3864fe890/ai-demand-generates-rise-in.html,AI Demand Generates Rise in Caterpillar Shares,2025-12-31,2025-12-31,46
https://finance.yahoo.com/m/35bf1efa-bea7-3401-aa27-bf3201623efe/dow-jones-industrials-2025%3A.html,Dow Jones Industrials 2025: These Three Unexpected Stocks Top Nvidia,2025-12-31,2025-12-31,68
https://finance.yahoo.com/m/c30e2b90-b519-39f1-b2be-cb2d29297bf2/ces-2026%3A-ai%2C-robots%2C.html,"CES 2026: AI, Robots, Wearables, Industrial Machines In Focus",2025-12-30,2025-12-30,61
https://finance.yahoo.com/news/3-manufacturing-stocks-benefit-reshoring-144300623.html,3 Manufacturing Stocks to Benefit From Reshoring in 2026,2025-12-29,2025-12-29,56
https://finance.yahoo.com/m/f8c9a0cf-933d-3e41-8a11-af6df9d42954/dow-drops-100-points-as.html,Dow Drops 100 Points as Boring Day Gets Less Boring,2025-12-27,2025-12-27,51
https://finance.yahoo.com/m/4191df23-2752-3421-89cd-f333b5ccba11/this-blue-chip-stock-topped.html,This Blue-Chip Stock Topped the Dow Jones in 2025. Should You Buy Its Shares Here?,2025-12-25,2025-12-25,82
https://finance.yahoo.com/news/vertivs-ai-powered-portfolio-gaining-173500961.html,Vertiv's AI-Powered Portfolio Gaining Traction: What's Ahead?,2025-12-25,2025-12-25,61
https://finance.yahoo.com/m/9ee0e08e-b159-3a73-817c-8df08ffe7de3/why-the-%E2%80%98everyone%E2%80%99s-a-winner%E2%80%99.html,Why the ‘Everyone’s a Winner’ Energy Trade Can’t Last Forever,2025-12-24,2025-12-24,61
https://finance.yahoo.com/m/b716cde1-a069-3ce1-a452-5b1baefbd959/how-caterpillar-crushed-the.html,How Caterpillar Crushed the Magnificent 7 in 2025 — And It’s Not Done Yet!,2025-12-23,2025-12-23,74
https://finance.yahoo.com/news/too-consider-caterpillar-60-2025-170913165.html,Is It Too Late To Consider Caterpillar After Its 60% 2025 Rally?,2025-12-23,2025-12-23,64
https://finance.yahoo.com/news/caterpillar-cat-outpaces-stock-market-224505800.html,Caterpillar (CAT) Outpaces Stock Market Gains: What You Should Know,2025-12-23,2025-12-23,67
https://finance.yahoo.com/news/wall-street-sees-cyclicals-rallying-103000417.html,Wall Street Sees Cyclicals Rallying as Economic Growth Picks Up,2025-12-23,2025-12-23,63
https://finance.yahoo.com/news/caterpillar-inc-cat-trending-stock-140006769.html,Caterpillar Inc. (CAT) Is a Trending Stock: Facts to Know Before Betting on It,2025-12-22,2025-12-22,78
https://finance.yahoo.com/news/wall-street-firms-bullish-caterpillar-134003061.html,Wall Street Firms Bullish on Caterpillar Inc. (CAT) on Industry Outlook amid Dividend Offering,2025-12-22,2025-12-22,94
https://finance.yahoo.com/news/heres-your-big-free-reminder-on-ai-stocks-for-2026-133036552.html,Here's your big free reminder on AI stocks for 2026,2025-12-21,2025-12-21,51
https://finance.yahoo.com/news/3-manufacturing-stocks-benefiting-supply-182300499.html,3 Manufacturing Stocks Benefiting From Supply-Chain Shifts Into 2026,2025-12-20,2025-12-20,68
https://finance.yahoo.com/news/metavista3d-showcase-latest-3d-display-061100915.html,Metavista3D to Showcase Latest 3D Display Innovations at CES 2026,2025-12-19,2025-12-19,65
https://finance.yahoo.com/news/bernstein-adjusts-price-target-caterpillar-122526671.html,"Bernstein Adjusts Price Target on Caterpillar to $630 From $557, Maintains Market Perform Rating",2025-12-19,2025-12-19,96
https://finance.yahoo.com/news/patent-suits-automation-ambitions-shift-060721524.html,Do Patent Suits And Automation Ambitions Shift CAT’s (CAT) Long-Term Services-Led Strategy?,2025-12-19,2025-12-19,91
https://finance.yahoo.com/news/cat-vs-kmtuy-heavy-equipment-142800699.html,CAT vs. KMTUY: Which Heavy Equipment Stock is the Better Buy?,2025-12-18,2025-12-18,61
https://finance.yahoo.com/m/2618d673-7c4c-3fbd-85cb-cac3c5250996/ai-themed-stocks-take-more.html,"AI-Themed Stocks Take More Hits, Sending Nasdaq Lower",2025-12-18,2025-12-18,53
https://finance.yahoo.com/news/jim-cramer-recommends-deere-over-173629931.html,Jim Cramer Recommends Deere Over Cummins (CMI),2025-12-18,2025-12-18,46
https://finance.yahoo.com/m/91039310-2f23-3f12-92f1-8ee13a4dd2d3/heard-on-the-street-recap%3A.html,Heard on the Street Recap: Another AI Selloff,2025-12-18,2025-12-18,45
https://finance.yahoo.com/m/6713f446-6929-3db8-b875-9579fe516ea6/heard-on-the-street-wednesday.html,Heard on the Street Wednesday Recap: Another AI Selloff,2025-12-18,2025-12-18,55
https://finance.yahoo.com/news/bill-gates-ken-fisher-rake-003109037.html,"Bill Gates, Ken Fisher Rake In $1.7 Billion From Dow Stock That Trounced Nvidia",2025-12-18,2025-12-18,79
https://finance.yahoo.com/news/markets-sell-off-0-5-231000792.html,Markets Sell Off -0.5% to -1.8% Ahead of Inflation Rate Thursday,2025-12-18,2025-12-18,64
https://finance.yahoo.com/m/6fe915db-5984-3400-82a0-232baaa3d7a3/nasdaq-slides.-why-ai-stocks.html,Nasdaq Slides. Why AI Stocks Are Falling Again.,2025-12-18,2025-12-18,47
https://finance.yahoo.com/m/3a8c9061-1853-3497-816d-86b58a27dab2/massive-breakout-in.html,Massive Breakout in Industrials: 3 Must-Watch Stocks Now,2025-12-17,2025-12-17,56
https://finance.yahoo.com/news/jamie-engstrom-joins-ameren-board-211500402.html,Jamie Engstrom joins Ameren board of directors,2025-12-16,2025-12-16,46
https://finance.yahoo.com/news/build-stronger-2026-portfolio-5-132100478.html,Build a Stronger 2026 Portfolio With These 5 Dividend Aristocrats,2025-12-15,2025-12-15,65
https://finance.yahoo.com/news/3-volatile-stocks-open-questions-043745515.html,3 Volatile Stocks with Open Questions,2025-12-15,2025-12-15,37
https://finance.yahoo.com/news/cat-finally-turning-corner-return-171400447.html,Is CAT Finally Turning the Corner With Return to Revenue Growth in Q3?,2025-12-13,2025-12-13,70
https://finance.yahoo.com/news/zacks-analyst-blog-highlights-caterpillar-112400134.html,"The Zacks Analyst Blog Highlights Caterpillar, Shopify, Qualcomm, Waterstone Financial and Tucows",2025-12-12,2025-12-12,97
https://finance.yahoo.com/news/top-stock-reports-caterpillar-shopify-212800937.html,"Top Stock Reports for Caterpillar, Shopify & Qualcomm",2025-12-12,2025-12-12,53
https://finance.yahoo.com/m/c1f0d7ee-058b-3dae-99f6-e594649ff0fa/november%E2%80%99s-infrastructure.html,November’s Infrastructure Winner: The $43B Company Beating Industry Titans on Every Metric,2025-12-11,2025-12-11,90
https://finance.yahoo.com/news/construction-slump-continue-2026-recovery-162314596.html,"Construction Slump to Continue Through 2026 With Recovery Expected in 2027, Morgan Stanley Says",2025-12-11,2025-12-11,95
https://finance.yahoo.com/m/7a8d5042-7349-38c8-820a-c67767d79880/industrials-are-on-cusp-of.html,Industrials Are on Cusp of ‘Supercycle.’ 10 Stocks to Ride the Wave.,2025-12-06,2025-12-06,68
https://finance.yahoo.com/m/0726a183-006b-3520-8ef6-6e91b1a82f23/industrial-sector-is-saying%2C.html,"Industrial Sector Is Saying, ‘No Recession.’ 3 Stocks to Consider.",2025-12-06,2025-12-06,66
https://finance.yahoo.com/news/bhp-rio-tinto-welcome-first-010300514.html,BHP and Rio Tinto welcome first Caterpillar battery-electric haul trucks to the Pilbara,2025-12-05,2025-12-05,87
https://finance.yahoo.com/m/e062ec1a-0486-3108-982a-87669cb930bf/stock-market-today%3A-small.html,"Stock Market Today: Small Caps Beat Large Caps, Dollar General Breaks Out; Dow Stock Hits Entry (Live Coverage)",2025-12-05,2025-12-05,111
https://finance.yahoo.com/news/ai-bubble-non-tech-stocks-213200625.html,AI Bubble? Non-Tech Stocks Worth a Look,2025-12-05,2025-12-05,39
https://finance.yahoo.com/news/3-unpopular-stocks-think-twice-043904709.html,3 Unpopular Stocks We Think Twice About,2025-12-05,2025-12-05,39
https://finance.yahoo.com/news/bobcat-patent-suits-potential-import-231327435.html,Bobcat’s Patent Suits And Potential Import Bans Might Change The Case For Investing In Caterpillar (CAT),2025-12-05,2025-12-05,104
https://finance.yahoo.com/news/mining-drill-bits-global-market-150300774.html,"Mining Drill Bits Global Market Report 2025: $1.62 Billion Market Led by Caterpillar, Schlumberger, Komatsu, Sandvik as New Product Launches and Strategic Acquisitions Accelerate Industry Innovation",2025-12-04,2025-12-04,198
https://finance.yahoo.com/news/accenture-snowflake-launch-accenture-snowflake-101740124.html,"Accenture, Snowflake Launch Accenture Snowflake Business Group",2025-12-04,2025-12-04,62
https://finance.yahoo.com/m/d6e8131f-a941-3a95-bf6e-3b96308059df/accenture-partners-with.html,Accenture partners with Snowflake to advance enterprise AI initiatives,2025-12-04,2025-12-04,70
https://finance.yahoo.com/news/cat-stock-trades-premium-value-150200623.html,"CAT Stock Trades at Premium Value: Should You Buy, Hold or Sell?",2025-12-02,2025-12-02,64
https://finance.yahoo.com/news/assessing-caterpillar-cat-valuation-strong-081452105.html,Assessing Caterpillar (CAT) Valuation After Strong Share Price Gains in 2024,2025-11-29,2025-11-29,76
https://finance.yahoo.com/news/caterpillar-cat-down-1-6-163008947.html,Caterpillar (CAT) Down 1.6% Since Last Earnings Report: Can It Rebound?,2025-11-29,2025-11-29,71
https://finance.yahoo.com/news/know-beyond-why-caterpillar-inc-140005161.html,Here is What to Know Beyond Why Caterpillar Inc. (CAT) is a Trending Stock,2025-11-28,2025-11-28,74
https://finance.yahoo.com/news/jpm-downgrades-cnh-deere-outlook-151211974.html,JPM downgrades CNH as Deere outlook signals deeper pressure on large ag demand,2025-11-28,2025-11-28,78
https://finance.yahoo.com/m/e977afb3-b859-37d0-8331-05892f9d7b41/how-is-caterpillar%27s-stock.html,How Is Caterpillar's Stock Performance Compared to Other Industrial Stocks?,2025-11-26,2025-11-26,75
https://finance.yahoo.com/m/01e32530-a02d-3069-aa69-079287b5c00b/what-every-caterpillar.html,What Every Caterpillar Investor Should Know Before Buying,2025-11-26,2025-11-26,57
https://finance.yahoo.com/m/bec307b0-756c-3f17-a616-2e6f69dcf151/having-loser-ai-stocks-like.html,Having Loser AI Stocks Like Ouster Inc. (OUST) In Your Portfolio is … Good?,2025-11-25,2025-11-25,75
https://finance.yahoo.com/news/why-narrative-around-caterpillar-shifting-071358497.html,Why The Narrative Around Caterpillar Is Shifting After Fresh Analyst Updates and New Developments,2025-11-25,2025-11-25,97
https://finance.yahoo.com/news/heres-much-1000-investment-caterpillar-133005210.html,Here's How Much a $1000 Investment in Caterpillar Made 10 Years Ago Would Be Worth Today,2025-11-24,2025-11-24,88
https://finance.yahoo.com/news/caterpillar-vs-deere-equipment-stock-172700775.html,Caterpillar vs. Deere: Which Equipment Stock is the Better Buy Now?,2025-11-22,2025-11-22,67
https://finance.yahoo.com/news/caterpillar-set-transform-energy-data-160600942.html,Is Caterpillar Set to Transform On-Site Energy for Data Centers?,2025-11-20,2025-11-20,64
https://finance.yahoo.com/news/could-vertiv-vrt-gain-competitive-220951391.html,Could Vertiv (VRT) Gain a Competitive Edge in Data Centers With Its Latest Power Partnership?,2025-11-19,2025-11-19,93
https://finance.yahoo.com/m/d068921e-867d-3182-89b3-d7aed2a7c0f4/analyst-report%3A-caterpillar.html,Analyst Report: Caterpillar Inc.,2025-11-19,2025-11-19,32
https://finance.yahoo.com/m/1932b5df-d697-38a6-bac6-4599dfb7f58b/this-unlikely-stock-to-buy.html,This Unlikely Stock to Buy Could Be the Best Bet on the Future of the AI Race,2025-11-19,2025-11-19,77
https://finance.yahoo.com/m/b599ca46-1f57-35c9-b1bd-1e4c7ad76e80/vertiv%2C-caterpillar.html,"Vertiv, Caterpillar Collaborate to Expand Power and Cooling Offerings for Data Centers",2025-11-19,2025-11-19,86
https://finance.yahoo.com/news/argus-adjusts-price-target-caterpillar-103454191.html,"Argus Adjusts Price Target on Caterpillar to $625 From $460, Maintains Buy Rating",2025-11-19,2025-11-19,81
https://finance.yahoo.com/m/3b3e0081-978f-3e4f-9ba8-a6cc5dd1e01b/market-update%3A-cat%2C-spgi%2C.html,"Market Update: CAT, SPGI, NSC, DOW",2025-11-19,2025-11-19,34
https://finance.yahoo.com/news/vertiv-caterpillar-announce-energy-optimization-115100413.html,Vertiv and Caterpillar Announce Energy Optimization Collaboration to Expand End-to-End Power and Cooling Offerings for AI Data Centers,2025-11-18,2025-11-18,134
https://finance.yahoo.com/news/evercore-isi-adjusts-caterpillar-price-143428201.html,"Evercore ISI Adjusts Caterpillar Price Target to $630 From $476, Maintains Outperform Rating",2025-11-17,2025-11-17,92
https://finance.yahoo.com/news/zacks-approach-beat-markets-macys-134000942.html,"Take the Zacks Approach to Beat the Markets: Macy's, United Natural Foods & Monster Beverage in Focus",2025-11-17,2025-11-17,101
https://finance.yahoo.com/news/caterpillar-inc-cat-attracting-investor-140004242.html,Caterpillar Inc. (CAT) is Attracting Investor Attention: Here is What You Should Know,2025-11-17,2025-11-17,85
https://finance.yahoo.com/news/former-fed-governors-stock-trades-220955299.html,Former Fed governor's stock trades violated the central bank's ethics rules,2025-11-16,2025-11-16,75
https://finance.yahoo.com/news/bill-gates-strategic-moves-microsoft-220522505.html,Bill Gates' Strategic Moves: Microsoft Corp Sees a -17.7% Impact,2025-11-15,2025-11-15,64
https://finance.yahoo.com/news/caterpillars-volume-momentum-building-recovery-112700919.html,Caterpillar's Volume Momentum is Building: Can the Recovery Last?,2025-11-14,2025-11-14,65
https://finance.yahoo.com/news/wells-fargo-initiates-caterpillar-overweight-110616556.html,Wells Fargo Initiates Caterpillar at Overweight With $675 Price Target,2025-11-14,2025-11-14,70
https://finance.yahoo.com/m/53985fe7-1c16-31ff-9162-2aa59c5f2427/siemens-energy-closes-the.html,Siemens Energy Closes The Book On 2025 Amid 'Unprecedented Demand' For Gas Turbines,2025-11-14,2025-11-14,83
https://finance.yahoo.com/m/36aebc52-c767-31b8-b9df-d8bc1c335fca/here-are-friday%E2%80%99s-top-wall.html,"Here Are Friday’s Top Wall Street Analyst Research Calls: Applied Materials, Caterpillar, Home Depot, Microsoft, Shake Shack, StubHub and More",2025-11-14,2025-11-14,142
https://finance.yahoo.com/news/dividends-3-dividend-aristocrats-worth-000400360.html,Like Dividends? 3 Dividend Aristocrats Worth a Look,2025-11-14,2025-11-14,51
https://finance.yahoo.com/m/f8972cf7-3d60-3e8c-90d2-0ac6848a6214/qqq-vs.-spy-vs.-dia%3A-which.html,QQQ vs. SPY vs. DIA: Which ETF Is the Ultimate Winner?,2025-11-14,2025-11-14,54
https://finance.yahoo.com/news/caterpillar-insider-sold-shares-worth-173404595.html,"Caterpillar Insider Sold Shares Worth $6,034,490, According to a Recent SEC Filing",2025-11-14,2025-11-14,82
https://finance.yahoo.com/news/3-mega-cap-stocks-approach-043523474.html,3 Mega-Cap Stocks We Approach with Caution,2025-11-14,2025-11-14,42
https://finance.yahoo.com/m/4243169f-15a8-324c-9244-f9a9ab9aa4af/ai-data-centers-need-more.html,AI Data Centers Need More Power Right Now. These Companies Can Deliver It.,2025-11-13,2025-11-13,74
https://finance.yahoo.com/m/2f3108f3-2e34-33f6-a8de-df2b63adcc92/the-gaza-war-has-been-big.html,The Gaza War Has Been Big Business for U.S. Companies,2025-11-13,2025-11-13,53
https://finance.yahoo.com/news/n2growth-announces-annual-leaders40-top-120000017.html,"N2Growth Announces Annual Leaders40 Top CHRO Award, Recognizing Excellence in Human Resources Leadership",2025-11-13,2025-11-13,104
https://finance.yahoo.com/news/enterprises-adopting-data-governance-frameworks-170000530.html,"Enterprises Are Adopting Data and Governance Frameworks and Talent Strategies for Agentic AI, ISG Says",2025-11-13,2025-11-13,102
https://finance.yahoo.com/m/68a3cd8e-752c-30e5-a87b-c3d68e78c953/dow-on-pace-to-clear-48%2C000.html,"Dow on Pace to Clear 48,000 Closing Milestone",2025-11-13,2025-11-13,45
https://finance.yahoo.com/news/nigeria-heavy-construction-equipment-industry-135700235.html,"Nigeria Heavy Construction Equipment Industry Report 2025, Competitive Analysis of Atlas Copco, Tata Africa, Caterpillar, CNH Industrial, Komatsu, Deere & Co, and Volvo - Firecast to 2034",2025-11-11,2025-11-11,187
https://finance.yahoo.com/news/zacks-analyst-blog-caterpillar-komatsu-065400337.html,"The Zacks Analyst Blog Caterpillar, Komatsu and Terex",2025-11-10,2025-11-10,53
https://finance.yahoo.com/news/buy-sell-hold-caterpillar-stock-181000905.html,"Should You Buy, Sell or Hold Caterpillar Stock Post Q3 Earnings?",2025-11-08,2025-11-08,64
https://finance.yahoo.com/news/seeking-paydays-3-dividend-aristocrats-013000891.html,Seeking Paydays? 3 Dividend Aristocrats Worth a Look,2025-11-07,2025-11-07,52
https://finance.yahoo.com/news/caterpillar-insider-sold-shares-worth-201745343.html,"Caterpillar Insider Sold Shares Worth $686,664, According to a Recent SEC Filing",2025-11-07,2025-11-07,80
https://finance.yahoo.com/news/da-davidson-raises-pt-caterpillar-072630544.html,"DA Davidson Raises PT on Caterpillar (CAT) to $560, Maintains “Neutral” Rating",2025-11-07,2025-11-07,78
https://finance.yahoo.com/news/recent-analyst-shifts-mean-caterpillar-151912062.html,What Recent Analyst Shifts Mean for Caterpillar’s Valuation Story,2025-11-07,2025-11-07,65
https://finance.yahoo.com/m/ec521632-0c10-3785-8123-8faf74d588a6/cat-stock-may-not-have-9.html,CAT Stock May Not Have 9 Lives. Here’s My Favorite Way to Trade Caterpillar with Options Here.,2025-11-06,2025-11-06,94
https://finance.yahoo.com/m/284aecd1-a646-31bd-896f-75cdbbf51f8f/here%E2%80%99s-how-markets-closed.html,Here’s How Markets Closed After the Supreme Court Heard Tariff Arguments,2025-11-06,2025-11-06,72
https://finance.yahoo.com/news/caterpillar-cat-surged-amid-positive-150700225.html,Caterpillar (CAT) Surged Amid Positive Sentiments,2025-11-06,2025-11-06,49
https://finance.yahoo.com/news/saudi-arabia-construction-equipment-industry-152600244.html,"Saudi Arabia Construction Equipment Industry Report 2025-2034: Competition Intensifies as Infrastructure, Tourism, and Oil & Gas Projects Surge, Led by Volvo, Caterpillar, and Sumitomo",2025-11-06,2025-11-06,184
https://finance.yahoo.com/news/caterpillar-upgraded-elf-beauty-downgraded-144505757.html,"Caterpillar upgraded, Elf Beauty downgraded: Wall Street's top analyst calls",2025-11-06,2025-11-06,76
https://finance.yahoo.com/m/b79188d8-e645-30b6-8a73-417965af1339/here-are-thursday%E2%80%99s-top-wall.html,"Here Are Thursday’s Top Wall Street Analysts Research Calls: Amazon.com, Biogen, Caterpillar, e.l.f. Beauty, Southern Company and More",2025-11-06,2025-11-06,134
https://finance.yahoo.com/video/caterpillar-lifts-revenue-capex-targets-191018050.html,"Caterpillar lifts revenue & CapEx targets, DraftKings downgraded",2025-11-05,2025-11-05,64
https://finance.yahoo.com/m/5b6ec689-97b2-3a4f-a0fa-304781977dee/here-are-wednesday%E2%80%99s-top-wall.html,"Here Are Wednesday’s Top Wall Street Analyst Research Calls: Amgen, Cloudflare, Shopify, Super Micro Computer, Wingstop and More",2025-11-05,2025-11-05,128
https://finance.yahoo.com/news/aaon-emcor-caterpillar-wesco-quanex-205547312.html,"AAON, EMCOR, Caterpillar, WESCO, and Quanex Stocks Trade Down, What You Need To Know",2025-11-05,2025-11-05,84
https://finance.yahoo.com/m/15b65a07-06cc-37be-a321-2b85b452a90d/ai%E2%80%99s-power-rush-lifts.html,"AI’s Power Rush Lifts Smaller, Pricier Equipment Makers",2025-11-05,2025-11-05,55
https://finance.yahoo.com/news/p-500-nasdaq-gain-amazon-162517680.html,"S&P 500, Nasdaq gain after Amazon-OpenAI deal; Kenvue soars after buyout",2025-11-04,2025-11-04,72
https://finance.yahoo.com/video/agco-wants-national-policy-farmers-140012571.html,AGCO wants 'national policy' on farmers' right to repair: CEO,2025-11-02,2025-11-02,61
https://finance.yahoo.com/news/americas-industrial-giants-are-getting-a-boost-from-the-ai-build-out-that-remains-in-its-early-stages-123042531.html,America's industrial giants are getting a boost from the AI build-out that remains in its 'early stages',2025-11-01,2025-11-01,104
https://finance.yahoo.com/m/bb36a5c9-c7c0-3dca-bd39-5301dae1dbf5/the-score%3A-caterpillar%2C.html,"The Score: Caterpillar, Nvidia, Meta and More Stocks That Defined the Week",2025-11-01,2025-11-01,74
https://finance.yahoo.com/m/3bcde19f-fa85-342c-a74b-0e7e29fedd6e/chipotle%2C-eli-lilly%2C.html,"Chipotle, Eli Lilly, Caterpillar: Stocks That Moved on This Week’s News",2025-11-01,2025-11-01,71
https://finance.yahoo.com/news/caterpillar-cat-margin-decline-14-061102702.html,Caterpillar (CAT): Margin Decline to 14.3% Challenges Profit Growth Narrative,2025-10-31,2025-10-31,77
https://finance.yahoo.com/news/great-ai-buildout-shows-no-100532758.html,The great AI buildout shows no sign of slowing,2025-10-31,2025-10-31,46
https://finance.yahoo.com/news/metavista3d-registered-exhibitor-ces-2026-215400524.html,Metavista3D Registered as an Exhibitor at CES 2026 to Showcase Next-Generation 3D Display Innovations,2025-10-31,2025-10-31,101
https://finance.yahoo.com/news/jim-cramer-calls-former-caterpillar-134119443.html,Jim Cramer Calls Former Caterpillar CEO Jim Umpleby a “Visionary”,2025-10-31,2025-10-31,65
https://finance.yahoo.com/news/caterpillar-faces-mixed-fundamentals-despite-170123527.html,"Caterpillar Faces Mixed Fundamentals Despite Solid Q3 Results, Morgan Stanley Says",2025-10-31,2025-10-31,82
https://finance.yahoo.com/m/f6f7bf3d-7b12-3f58-b91b-b8d83c8d1893/here-are-friday%E2%80%99s-top-wall.html,"Here Are Friday’s Top Wall Street Analyst Upgrades and Downgrades: Apple, Comcast, Roblox, Zscaler and More",2025-10-31,2025-10-31,107
https://finance.yahoo.com/news/caterpillar-cat-levered-data-center-114923592.html,"Caterpillar (CAT)’s “Levered” To The Data Center, Says Jim Cramer",2025-10-31,2025-10-31,65
https://finance.yahoo.com/m/8fba8f25-946b-305f-bc20-8bff5cd28f9c/these-stocks-moved-the-most.html,"These Stocks Moved the Most Today: Nvidia, Fiserv, Stride, Caterpillar, Verizon, Micron, Microsoft, Alphabet, Meta, Centene, and More",2025-10-30,2025-10-30,133
https://finance.yahoo.com/news/caterpillar-says-ai-power-driving-152203129.html,AI Frenzy Is Spreading Over to Caterpillar and Oil Frackers,2025-10-30,2025-10-30,59
https://finance.yahoo.com/news/finning-report-q3-2025-results-210000683.html,"Finning to report Q3 2025 results on November 11 and hold investor call on November 12, 2025",2025-10-29,2025-10-29,92
https://finance.yahoo.com/news/otis-worldwide-report-q3-earnings-182100613.html,Otis Worldwide to Report Q3 Earnings: Here's What You Need to Know,2025-10-29,2025-10-29,66
https://finance.yahoo.com/news/nvidia-becomes-first-company-to-close-above-5-trillion-market-cap-133101442.html,Nvidia becomes first company to close above $5 trillion market cap,2025-10-29,2025-10-29,66
https://finance.yahoo.com/news/jayud-global-logistics-expands-industrial-123000104.html,Jayud Global Logistics Expands Industrial Sector Presence with New Manufacturing and Chemical Industry Partnerships,2025-10-29,2025-10-29,115
https://finance.yahoo.com/news/caterpillar-cat-q3-earnings-revenues-114001642.html,Caterpillar (CAT) Q3 Earnings and Revenues Surpass Estimates,2025-10-29,2025-10-29,60
https://finance.yahoo.com/news/meet-37-white-house-ballroom-090300214.html,"Meet all 37 White House ballroom donors funding the $300 million build, including Silicon Valley tech giants, crypto bros and the Lutnicks",2025-10-26,2025-10-26,138
https://finance.yahoo.com/m/aed13e51-b1e5-3eac-bccd-910cc6b767df/review-%26-preview%3A-inflation.html,Review & Preview: Inflation Relief Rally,2025-10-25,2025-10-25,40
https://finance.yahoo.com/news/1-volatile-stock-own-decades-044246578.html,1 Volatile Stock to Own for Decades and 2 We Find Risky,2025-10-24,2025-10-24,55
https://finance.yahoo.com/news/5-stocks-ll-regret-not-155512274.html,5 Stocks You’ll Regret Not Getting Before 2026,2025-10-24,2025-10-24,46
https://finance.yahoo.com/news/exploring-analyst-estimates-caterpillar-cat-131507916.html,"Exploring Analyst Estimates for Caterpillar (CAT) Q3 Earnings, Beyond Revenue and EPS",2025-10-24,2025-10-24,85
https://finance.yahoo.com/news/catalysts-could-shift-narrative-caterpillar-181903392.html,What Catalysts Could Shift the Narrative for Caterpillar Stock Amid New Analyst Debates?,2025-10-24,2025-10-24,88
https://finance.yahoo.com/news/terex-tex-expected-beat-earnings-140035763.html,Terex (TEX) Expected to Beat Earnings Estimates: Can the Stock Move Higher?,2025-10-23,2025-10-23,75
https://finance.yahoo.com/news/l-t-technology-services-recertification-093000389.html,L&T Technology Services Recertification at Caterpillar’s Supplier Excellence Recognition Event for Second Consecutive Year,2025-10-23,2025-10-23,122
https://finance.yahoo.com/news/caterpillar-inc-cat-bull-case-213543741.html,Caterpillar Inc. (CAT): A Bull Case Theory,2025-10-23,2025-10-23,42
https://finance.yahoo.com/news/iot-construction-market-forecast-2025-105100016.html,"IoT in Construction Market Forecast 2025-2032 Featuring Strategic Analysis of Caterpillar, Komatsu, Deere & Company, Hitachi Construction Machinery Co., Trimble and More",2025-10-22,2025-10-22,169
https://finance.yahoo.com/news/caterpillar-stock-valuation-already-reflects-153503928.html,"Caterpillar Stock Valuation Already Reflects Prospects, RBC Says",2025-10-22,2025-10-22,64
https://finance.yahoo.com/news/earnings-preview-caterpillar-cat-q3-140011872.html,Earnings Preview: Caterpillar (CAT) Q3 Earnings Expected to Decline,2025-10-22,2025-10-22,67
https://finance.yahoo.com/m/d1a13dc2-bfa5-3e24-b383-066dd7916205/industrials-post-positive.html,Industrials Post Positive Earnings. 3 Stocks Whose Charts Say ‘Buy.’,2025-10-21,2025-10-21,68
https://finance.yahoo.com/m/9ec71ace-461a-3799-8a0e-1437435f348c/a-midwestern-sensibility-and.html,A Midwestern Sensibility and AI Power This Global Logistics Company,2025-10-18,2025-10-18,67
https://finance.yahoo.com/news/bofa-lifts-caterpillar-cat-price-023202996.html,"BofA Lifts Caterpillar (CAT) Price Target, Highlights Growth in Turbine and Data Center Segments",2025-10-18,2025-10-18,96
https://finance.yahoo.com/news/caterpillar-cat-must-buy-dividend-012559213.html,Caterpillar (CAT): A Must-Buy Dividend Stock Built for Long-Term Investors,2025-10-17,2025-10-17,74
https://finance.yahoo.com/news/caterpillar-cat-assessing-valuation-analyst-081203325.html,Caterpillar (CAT): Assessing Valuation as Analyst Upgrades Follow AI Data Center Power Push,2025-10-17,2025-10-17,91
https://finance.yahoo.com/news/barclays-adjusts-caterpillar-price-target-120705428.html,"Barclays Adjusts Caterpillar Price Target to $485 From $425, Maintains Equal Weight Rating",2025-10-17,2025-10-17,90
https://finance.yahoo.com/m/085f40ce-bf34-393a-9acc-9b42accb5fd1/ai-is-punishing-quality.html,AI Is Punishing Quality Stocks. They’re About to Fight Back.,2025-10-17,2025-10-17,60
https://finance.yahoo.com/news/1-momentum-stock-competitive-advantages-044415985.html,1 Momentum  Stock with Competitive Advantages and 2 We Avoid,2025-10-17,2025-10-17,60
https://finance.yahoo.com/video/data-center-sector-101-play-113034637.html,Data center sector 101: How to play the space,2025-10-16,2025-10-16,45
https://finance.yahoo.com/news/webinar-highlights-full-range-advanced-132100832.html,Webinar Highlights the Full Range of Advanced Engine Technology Power Solutions for Data Centers,2025-10-16,2025-10-16,96
https://finance.yahoo.com/news/cat-boost-mining-technology-solutions-183500869.html,CAT to Boost Mining Technology Solutions With RPMGlobal Holdings Deal,2025-10-14,2025-10-14,69
https://finance.yahoo.com/news/3-cash-producing-stocks-keep-044213841.html,3 Cash-Producing Stocks We Keep Off Our Radar,2025-10-14,2025-10-14,45
https://finance.yahoo.com/news/construction-machinery-stocks-q2-teardown-033353793.html,Construction Machinery Stocks Q2 Teardown: Caterpillar (NYSE:CAT) Vs The Rest,2025-10-10,2025-10-10,77
https://finance.yahoo.com/m/a3f19d8a-5a39-3170-a83e-d7ee15ec0fea/caterpillar%E2%80%99s-quarterly.html,Caterpillar’s Quarterly Earnings Preview: What You Need to Know,2025-10-10,2025-10-10,63
https://finance.yahoo.com/news/why-narrative-around-caterpillar-shifting-170833000.html,Why The Narrative Around Caterpillar Is Shifting Amid New Analyst Ratings and Industry Headwinds,2025-10-10,2025-10-10,96
https://finance.yahoo.com/news/cat-steadfast-dividend-policy-sign-181447455.html,Is CAT’s Steadfast Dividend Policy a Sign of Enduring Strength or Limited Investment Ambition?,2025-10-10,2025-10-10,94
https://finance.yahoo.com/news/why-caterpillar-cat-stock-trading-174602152.html,Why Caterpillar (CAT) Stock Is Trading Up Today,2025-10-09,2025-10-09,47
https://finance.yahoo.com/news/brokers-suggest-investing-caterpillar-cat-133004729.html,Brokers Suggest Investing in Caterpillar (CAT): Read This Before Placing a Bet,2025-10-09,2025-10-09,78
https://finance.yahoo.com/m/4c8d11f0-1348-3d4e-bc65-f192e17eb89d/what-do-charts-say-about-the.html,What Do Charts Say About the Dow? 3 Favorite Stocks That Could Lead a Year-End Push.,2025-10-09,2025-10-09,84
https://finance.yahoo.com/news/caterpillar-inc-cat-trending-stock-130005882.html,Caterpillar Inc. (CAT) Is a Trending Stock: Facts to Know Before Betting on It,2025-10-09,2025-10-09,78
https://finance.yahoo.com/m/cc7d57de-6913-3af6-851d-9c1d80463ac6/this-dow-jones-stock-rallies.html,This Dow Jones Stock Rallies As Analysts Raise Price Targets,2025-10-09,2025-10-09,60
https://finance.yahoo.com/news/jefferies-adjusts-caterpillar-price-target-142638172.html,"Jefferies Adjusts Caterpillar Price Target to $570 From $500, Maintains Buy Rating",2025-10-08,2025-10-08,82
https://finance.yahoo.com/m/dc55e573-3285-3aa9-8f17-781f6720a30b/top-3-dow-stocks-include-this.html,Top 3 Dow Stocks Include This New Player In Quantum Computing,2025-10-04,2025-10-04,61
https://finance.yahoo.com/news/closer-look-caterpillar-cat-valuation-164246711.html,A Closer Look at Caterpillar (CAT) Valuation Following Recent Share Price Gains,2025-10-03,2025-10-03,79
https://finance.yahoo.com/news/dalfen-industrial-expands-florida-footprint-192900095.html,Dalfen Industrial Expands Florida Footprint with Acquisition of Prime Infill Property in Miami Lakes,2025-10-02,2025-10-02,100
https://finance.yahoo.com/news/caterpillar-emerges-unlikely-ai-winner-110000713.html,Caterpillar Emerges as Unlikely AI Winner on Turbine Demand,2025-10-02,2025-10-02,59
https://finance.yahoo.com/m/e74e6fd0-a374-3ddd-a609-bdf44ae03d8f/caterpillar-stock-has.html,Caterpillar Stock Has Outperformed the S&P 500. Its Rally May Only Be Getting Started.,2025-10-01,2025-10-01,86
https://finance.yahoo.com/m/25c0064a-a8b2-32dc-bd1f-e17e4950bca3/ai%E2%80%99s-winners-aren%E2%80%99t-all-in.html,AI’s Winners Aren’t All in Tech. 22 Cheaper Stocks to Consider.,2025-10-01,2025-10-01,63
https://finance.yahoo.com/news/abp-sells-caterpillar-stake-over-115003712.html,ABP Sells Caterpillar Stake Over Policies on Investments in Conflict Zones,2025-10-01,2025-10-01,74
https://finance.yahoo.com/news/kennametal-recognized-among-top-caterpillars-120000369.html,Kennametal Recognized Among Top of Caterpillar's Indirect Suppliers for Second Consecutive Year,2025-10-01,2025-10-01,95
https://finance.yahoo.com/news/global-mining-autonomous-surface-blast-151500973.html,"Global Mining Autonomous Surface Blast-hole Drills Development Research Report: Australia Leads in Deployment, with Anglo American As a Top User",2025-09-30,2025-09-30,144
https://finance.yahoo.com/news/caterpillar-cat-dividend-policy-supports-164932277.html,How Caterpillar’s (CAT) Dividend Policy Supports Long-Term Shareholder Value,2025-09-30,2025-09-30,76
https://finance.yahoo.com/news/why-caterpillar-cat-outpaced-stock-214505811.html,Why Caterpillar (CAT) Outpaced the Stock Market Today,2025-09-30,2025-09-30,53
https://finance.yahoo.com/m/011e567e-12e3-37f1-87d4-e98fe8e22dd0/stock-market-today%3A-dow-up.html,Stock Market Today: Dow Up Despite Shutdown Worries; These Stocks Fall On Trump Tariff Threat,2025-09-30,2025-09-30,93
https://finance.yahoo.com/m/7c00f968-1a2c-3489-9c0a-d83433c8d256/is-caterpillar-stock-a-buy.html,Is Caterpillar Stock a Buy After Recent Bump?,2025-09-29,2025-09-29,45
https://finance.yahoo.com/news/oppenheimer-adjusts-price-target-caterpillar-110904950.html,"Oppenheimer Adjusts Price Target on Caterpillar to $513 From $480, Maintains Outperform Rating",2025-09-29,2025-09-29,94
https://finance.yahoo.com/m/256c155c-9ab7-3248-9f88-27ec2190a52a/2-juggernaut-dividend-stocks.html,2 Juggernaut Dividend Stocks to Buy With $500,2025-09-29,2025-09-29,45
https://finance.yahoo.com/m/a00c9f03-b3ba-3ef9-8f63-3fd14cc6adb9/oracle%2C-caterpillar%2C-and-10.html,"Oracle, Caterpillar, and 10 Other Winners from the ‘New Global Trade Order’",2025-09-27,2025-09-27,75
https://finance.yahoo.com/m/71a8c45a-c97d-31fc-bc08-c7cbe3e688fa/former-caterpillar-ceo-jim.html,Former Caterpillar CEO Jim Umpleby sells nearly $8 million of company stock,2025-09-27,2025-09-27,75
https://finance.yahoo.com/news/norway-wealth-fund-exit-impacts-140642983.html,How Norway’s Wealth Fund Exit Impacts the 2025 Value Case for Caterpillar,2025-09-27,2025-09-27,73
https://finance.yahoo.com/m/d9f702ec-f61a-3bb7-b71b-076792e228b5/tariffs-aren%E2%80%99t-hitting.html,Tariffs Aren’t Hitting Earnings—Yet. Why That Might Not Last.,2025-09-27,2025-09-27,61
https://finance.yahoo.com/news/jim-cramer-caterpillar-think-got-170540684.html,Jim Cramer on Caterpillar: “I Think it’s Got More Upside”,2025-09-26,2025-09-26,57
https://finance.yahoo.com/news/us-norway-spat-over-wealth-105512672.html,"US-Norway spat over wealth fund's Caterpillar exit is settling, foreign minister says",2025-09-25,2025-09-25,85
https://finance.yahoo.com/news/market-chatter-norway-apos-disagreement-151015271.html,Market Chatter: Norway's Disagreement With US Over Caterpillar Divestment is Easing,2025-09-25,2025-09-25,83
https://finance.yahoo.com/news/investors-heavily-search-caterpillar-inc-130005186.html,Investors Heavily Search Caterpillar Inc. (CAT): Here is What You Need to Know,2025-09-24,2025-09-24,78
https://finance.yahoo.com/news/caterpillar-insider-sold-shares-worth-194832034.html,"Caterpillar Insider Sold Shares Worth $7,941,850, According to a Recent SEC Filing",2025-09-24,2025-09-24,82
https://finance.yahoo.com/news/caterpillar-cat-rises-higher-market-214503079.html,Caterpillar (CAT) Rises Higher Than Market: Key Facts,2025-09-23,2025-09-23,53
https://finance.yahoo.com/news/bofa-securities-lifts-price-target-153348573.html,"Update: BofA Securities Lifts Price Target on Caterpillar to $517 From $495, Maintains Buy Rating",2025-09-22,2025-09-22,97
https://finance.yahoo.com/news/development-autonomous-trucks-global-mining-152300861.html,"Development of Autonomous Trucks in the Global Mining Sector, 2025 Industry Research - China Leads in Adoption with Major Contributions from China Energy",2025-09-22,2025-09-22,153
https://finance.yahoo.com/news/upcoming-webinar-exploring-engine-power-153400480.html,Upcoming Webinar: Exploring Engine Power Solutions for Data Centers,2025-09-22,2025-09-22,67
https://finance.yahoo.com/news/3-reasons-cat-risky-1-040523505.html,3 Reasons CAT is Risky and 1 Stock to Buy Instead,2025-09-22,2025-09-22,49
https://finance.yahoo.com/news/caterpillar-apos-solar-turbines-fuel-151400310.html,"Caterpillar's Solar Turbines Fuel Growth Outlook, BofA Says",2025-09-22,2025-09-22,59
https://finance.yahoo.com/news/zacks-analyst-blog-highlights-costco-134300023.html,"The Zacks Analyst Blog Highlights Costco Wholesale, Morgan Stanley and Caterpillar",2025-09-22,2025-09-22,82
https://finance.yahoo.com/news/citigroup-adjusts-price-target-caterpillar-115045365.html,Citigroup Adjusts Price Target on Caterpillar to $540 From $500,2025-09-22,2025-09-22,63
https://finance.yahoo.com/news/mining-equipment-global-industry-report-080300189.html,"Mining Equipment Global Industry Report 2024-2030: Caterpillar, Komatsu, Epiroc, Sandvik, Liebherr Lead the Future $81 Billion Market",2025-09-22,2025-09-22,133
https://finance.yahoo.com/news/bofa-securities-lifts-price-target-135903969.html,"BofA Securities Lifts Price Target on Caterpillar to $517 From $495, Maintains Buy Rating",2025-09-22,2025-09-22,89
https://finance.yahoo.com/news/why-caterpillar-cat-remains-heavyweight-150828327.html,Why Caterpillar (CAT) Remains a Heavyweight Among NYSE Dividend Stocks,2025-09-21,2025-09-21,70
https://finance.yahoo.com/news/boost-portfolio-top-ranked-etfs-160300546.html,Boost Your Portfolio With These Top-Ranked ETFs,2025-09-20,2025-09-20,47
https://finance.yahoo.com/news/wall-streets-upbeat-outlook-caterpillar-120145998.html,Can Wall Street's Upbeat Outlook on Caterpillar (CAT) Offset Near-Term Earnings Uncertainty?,2025-09-20,2025-09-20,92
https://finance.yahoo.com/news/jim-cramer-home-depot-still-064330501.html,Jim Cramer on Home Depot: “It’s Still Going to Go Higher”,2025-09-20,2025-09-20,57
https://finance.yahoo.com/news/top-research-reports-costco-morgan-200900174.html,"Top Research Reports for Costco, Morgan Stanley & Caterpillar",2025-09-20,2025-09-20,61
https://finance.yahoo.com/news/caterpillar-cadre-esco-enersys-vicor-230543683.html,"Caterpillar, Cadre, ESCO, EnerSys, and Vicor Shares Are Soaring, What You Need To Know",2025-09-19,2025-09-19,86
https://finance.yahoo.com/m/2efa848d-1e4b-329f-9aff-c5ca5d43b3a0/stock-market-today%3A-russell.html,Stock Market Today: Russell 2000 Soars To New High; These Chip Stocks Break Out (Live Coverage),2025-09-19,2025-09-19,95
https://finance.yahoo.com/news/zacks-analyst-blog-highlights-exxon-085900576.html,"The Zacks Analyst Blog Highlights Exxon Mobil, Advanced Micro Devices, Caterpillar, Ohio Valley Banc and Where Food Comes From",2025-09-18,2025-09-18,126
https://finance.yahoo.com/m/33fe7bae-936b-3cab-a34d-72fbab6cc328/keep-an-eye-on-these-3.html,Keep an Eye on These 3 Dividend Champion Stocks in 2025,2025-09-14,2025-09-14,55
https://finance.yahoo.com/news/construction-machinery-aftermarket-services-market-152900569.html,"Construction Machinery Aftermarket Services Market Report 2025-2030, with Profiles of Caterpillar, Komatsu, Deere & Company, SANY Heavy Industry, CNH Industrial, Hitachi Construction Machinery, & More",2025-09-12,2025-09-12,200
https://finance.yahoo.com/m/3a8be002-f3cb-33e1-a21b-4c94366ffa79/these-were-the-5.html,These Were the 5 Top-Performing Stocks in the Dow Jones Industrial Average in August 2025,2025-09-12,2025-09-12,89
https://finance.yahoo.com/news/construction-portable-inverter-generator-industry-130600071.html,"Construction Portable Inverter Generator Industry Report 2025: Market to Surpass $750 Million by 2030 with Aggreko, A-iPower, Bluetti, Briggs & Stratton, Caterpillar Leading",2025-09-11,2025-09-11,173
https://finance.yahoo.com/news/know-beyond-why-caterpillar-inc-130004628.html,Here is What to Know Beyond Why Caterpillar Inc. (CAT) is a Trending Stock,2025-09-11,2025-09-11,74
https://finance.yahoo.com/news/caterpillar-cat-stock-sinks-market-214503121.html,Caterpillar (CAT) Stock Sinks As Market Gains: What You Should Know,2025-09-10,2025-09-10,67
https://finance.yahoo.com/news/global-underground-mining-tele-remote-135200465.html,"Global Underground Mining Tele-remote and Autonomous Equipment Development Analysis Report 2025 | Leading OEM is Sandvik, Who with Caterpillar and Epiroc, Account for the Vast Majority of the Market",2025-09-10,2025-09-10,198
https://finance.yahoo.com/news/caterpillar-still-worth-look-norway-114905591.html,Is Caterpillar Still Worth a Look After Norway Wealth Fund Divestment?,2025-09-09,2025-09-09,70
https://finance.yahoo.com/news/1-industrials-stock-worth-attention-044217424.html,1 Industrials Stock Worth Your Attention and 2 We Question,2025-09-09,2025-09-09,58
https://finance.yahoo.com/news/norway-says-seeks-keep-large-131215795.html,Norway says it seeks to keep large US investments despite Caterpillar brawl,2025-09-09,2025-09-09,75
https://finance.yahoo.com/news/wall-street-bulls-look-optimistic-204746615.html,Wall Street Bulls Look Optimistic About Caterpillar (CAT): Should You Buy?,2025-09-09,2025-09-09,74
https://finance.yahoo.com/news/deere-maintain-dividend-yield-edge-140300677.html,Can Deere Maintain Its Dividend Yield Edge Amid Industry Weakness?,2025-09-08,2025-09-08,66
https://finance.yahoo.com/news/construction-equipment-company-evaluation-report-085700307.html,"Construction Equipment Company Evaluation Report 2025 | Advanced Product Portfolios, Electric Equipment Innovation, and Strategic Collaborations Strengthen Market Leadership for Top Players",2025-09-08,2025-09-08,189
https://finance.yahoo.com/m/e731e30a-2bd8-36f0-b91c-aa357e801704/caterpillar-stock-keeps.html,Caterpillar Stock Keeps Inching Along. Is It a Good Buy for Steady Growth?,2025-09-08,2025-09-08,74
https://finance.yahoo.com/m/a75cf6bf-5584-3852-8c4d-2e659cb76af6/meta-ai-spending-spree-set-to.html,Meta AI Spending Spree Set to Top $600 Billion Over 3 Years. Which Stocks Will Get a Boost.,2025-09-08,2025-09-08,91
https://finance.yahoo.com/m/5ed429c7-edcc-3849-a428-0a526e6ec1b8/can-%2410%2C000-in-caterpillar.html,"Can $10,000 in Caterpillar Stock Turn Into $50,000 by 2030?",2025-09-06,2025-09-06,59
https://finance.yahoo.com/m/527b5f22-a1c9-30fa-b75f-cf571ab7dcf2/tariffs-are-hitting-this.html,Tariffs Are Hitting This Blue-Chip Dividend Stock. Should You Buy the Dip?,2025-09-06,2025-09-06,74
https://finance.yahoo.com/news/trump-admin-slams-norways-2-023102233.html,Trump Admin Slams Norway's $2 Trillion Wealth Fund Exit From Caterpillar Over Gaza Bulldozer Use,2025-09-05,2025-09-05,96
https://finance.yahoo.com/news/jim-cramer-keeps-silent-caterpillar-140935372.html,Jim Cramer Keeps Silent About Caterpillar Inc. (CAT),2025-09-05,2025-09-05,52
https://finance.yahoo.com/m/e0207d9d-9372-3fc5-a790-ac462f81a943/2-no-brainer-industrial.html,2 No-Brainer Industrial Stocks to Buy With $100 Right Now,2025-09-05,2025-09-05,57
https://finance.yahoo.com/news/wolfe-research-adjusts-price-target-103135145.html,"Wolfe Research Adjusts Price Target on Caterpillar to $470 From $395, Maintains Outperform Rating",2025-09-05,2025-09-05,97
https://finance.yahoo.com/news/us-very-troubled-norway-wealth-233146299.html,US 'very troubled' by Norway wealth fund's divestment from Caterpillar,2025-09-04,2025-09-04,70
https://finance.yahoo.com/news/us-reportedly-voices-concern-over-102745411.html,US Reportedly Voices Concern Over Caterpillar Divestment by Norway's Sovereign Wealth Fund,2025-09-04,2025-09-04,90
https://finance.yahoo.com/news/trump-ally-says-seek-norway-140750687.html,Trump Ally Says Will Seek Norway Visa Denials Over Caterpillar,2025-09-03,2025-09-03,62
https://finance.yahoo.com/news/argus-raises-caterpillar-apos-price-171901384.html,Argus Raises Caterpillar's Price Target to $460 From $400,2025-09-03,2025-09-03,57
https://finance.yahoo.com/news/skybound-partners-appoints-joe-dougherty-120000810.html,Skybound Service Partners Appoints Joe Dougherty as Chief Executive Officer,2025-09-03,2025-09-03,75
https://finance.yahoo.com/news/mexico-heavy-construction-equipment-market-092500614.html,Mexico Heavy Construction Equipment Market Report 2025-2034 | Robust Construction and Increasing Gold Mining Activities Bolster Growth,2025-09-02,2025-09-02,134
https://finance.yahoo.com/m/0207a6e7-5427-3c7c-aef5-28243c7a12b5/caterpillar-raises-its-2025.html,Caterpillar raises its 2025 tariff hit estimate to as much as $1.8 billion,2025-09-01,2025-09-01,74
https://finance.yahoo.com/m/a9a55805-93bb-38d5-a48a-ae3b06cba375/caterpillar-stock%3A-is-cat.html,Caterpillar Stock: Is CAT Outperforming the Industrial Sector?,2025-09-01,2025-09-01,62
https://finance.yahoo.com/news/norways-2t-fund-just-dumped-201929546.html,Norway's $2T Fund Just Dumped Caterpillar--Graham Isn't Taking It Lightly,2025-08-30,2025-08-30,73
https://finance.yahoo.com/m/a3140bdf-0eb4-31c3-8135-749f00b54349/stocks-to-watch-recap%3A-dell%2C.html,"Stocks to Watch Recap: Dell, Alibaba, Caterpillar, Ulta",2025-08-30,2025-08-30,55
https://finance.yahoo.com/m/3193bfc6-b0d7-33bd-b437-a74bb96bfde6/why-caterpillar-stock-slumped.html,Why Caterpillar Stock Slumped by Nearly 4% on Friday,2025-08-30,2025-08-30,52
https://finance.yahoo.com/news/cat-may-face-1-8b-171200109.html,CAT May Face $1.8B Tariff Impacts This Year: Are Margins at Risk?,2025-08-30,2025-08-30,65
https://finance.yahoo.com/news/why-agco-agco-shares-trading-202610158.html,Why AGCO (AGCO) Shares Are Trading Lower Today,2025-08-30,2025-08-30,46
https://finance.yahoo.com/news/why-caterpillar-cat-shares-trading-174608710.html,Why Caterpillar (CAT) Shares Are Trading Lower Today,2025-08-30,2025-08-30,52
https://finance.yahoo.com/m/a7e7ca49-0d28-3836-b235-e4157ddb5c76/stock-market-today%3A-dow.html,"Stock Market Today: Dow Sinks, But Nasdaq Fares Much Worse; Nvidia Extends A Losing Streak (Live Coverage)",2025-08-30,2025-08-30,106
https://finance.yahoo.com/m/a89131c8-feb0-359d-834a-24598d201585/caterpillar-stock-drops-as-it.html,Caterpillar Stock Drops as It Resizes Tariff Hit. Why Wall Street Isn’t Worried.,2025-08-30,2025-08-30,80
https://finance.yahoo.com/news/why-terex-tex-shares-falling-202542124.html,Why Terex (TEX) Shares Are Falling Today,2025-08-30,2025-08-30,40
https://finance.yahoo.com/news/morning-movers-celsius-jumps-pepsico-130607773.html,Morning Movers: Celsius jumps after PepsiCo agrees to increase stake,2025-08-30,2025-08-30,68
https://finance.yahoo.com/news/caterpillar-falls-raising-annual-tariff-110037132.html,Caterpillar falls after raising annual tariff hit forecast,2025-08-29,2025-08-29,58
https://finance.yahoo.com/video/caterpillar-affirm-ulta-trending-tickers-090900576.html,"Caterpillar, Affirm, Ulta: Trending Tickers",2025-08-29,2025-08-29,43
https://finance.yahoo.com/news/fed-is-facing-a-troublesome-and-delicate-policy-dilemma-this-fall-opening-bid-top-takeaway-153332477.html,Fed is facing a troublesome and delicate policy dilemma this fall: Opening Bid top takeaway,2025-08-29,2025-08-29,91
https://finance.yahoo.com/m/7869b28e-5612-3e50-ba3d-6975b6c9215d/top-stock-movers-now%3A.html,"Top Stock Movers Now: Caterpillar, Nvidia, Autodesk, and More",2025-08-29,2025-08-29,61
https://finance.yahoo.com/news/commentary-trumps-trade-war-is-hurting-most-sectors-of-the-economy-191706763.html,Commentary: Trump’s trade war is hurting most sectors of the economy,2025-08-29,2025-08-29,68
https://finance.yahoo.com/video/caterpillar-warns-tariff-hit-margins-144757781.html,Caterpillar Warns of Tariff Hit to Margins,2025-08-29,2025-08-29,42
https://finance.yahoo.com/m/0ff41640-f71b-3c06-aabe-2d390288d3cb/trump-leans-on-national.html,Trump Leans on National Security to Justify Next Wave of Tariffs,2025-08-29,2025-08-29,64
https://finance.yahoo.com/video/chip-stocks-caterpillar-pepsico-celsius-145138087.html,"Chip stocks, Caterpillar, PepsiCo & Celsius: Trending Tickers",2025-08-29,2025-08-29,61
https://finance.yahoo.com/m/8305024a-8ba2-3099-9aa6-9bb51dce5ec0/is-caterpillar-stock-poised.html,Is Caterpillar Stock Poised for a Metamorphosis?,2025-08-29,2025-08-29,48
https://finance.yahoo.com/m/004ed4b8-7b4b-3c64-a609-c02fc36cfee5/caterpillar-stock-drops-as-it.html,Caterpillar Stock Drops as It Expects Tariffs Hit of Up to $1.8B This Year,2025-08-29,2025-08-29,74
https://finance.yahoo.com/news/caterpillar-sees-tariff-impact-1-000705992.html,Caterpillar Warns Tariff Impact Bigger Than Previously Seen,2025-08-29,2025-08-29,59
https://finance.yahoo.com/m/366dad9b-c09d-34cc-8230-8e6053522a34/dow-jones-leader-warns-of.html,Dow Jones Leader Warns Of Bigger Hit From Trump Tariffs,2025-08-29,2025-08-29,55
https://finance.yahoo.com/news/us-corporate-profits-rebound-second-131704637.html,US second-quarter GDP revised higher as businesses boost investment in AI,2025-08-28,2025-08-28,73
https://finance.yahoo.com/news/cat-vs-heavy-machinery-stock-145100041.html,CAT vs. DE: Which Heavy Machinery Stock Looks More Promising?,2025-08-27,2025-08-27,61
https://finance.yahoo.com/news/latest-global-backup-power-market-193000084.html,"[Latest] Global Backup Power Market Size/Share Worth USD 32.95 Billion by 2034 at a 5.8% CAGR: Custom Market Insights (Analysis, Outlook, Leaders, Report, Trends, Forecast, Segmentation, Growth Rate, Value, SWOT Analysis)",2025-08-27,2025-08-27,221
https://finance.yahoo.com/news/emerald-technology-ventures-celebrates-25-100000453.html,Emerald Technology Ventures Celebrates 25 Years of Climate Tech Leadership,2025-08-27,2025-08-27,74
https://finance.yahoo.com/news/amazon-meta-among-early-adopters-165818970.html,"Amazon, Meta Among Early Adopters Of Nvidia's Jetson Thor Robotics Platform",2025-08-26,2025-08-26,75
https://finance.yahoo.com/news/nvidia-blackwell-powered-jetson-thor-150000394.html,"NVIDIA Blackwell-Powered Jetson Thor Now Available, Accelerating the Age of General Robotics",2025-08-25,2025-08-25,92
https://finance.yahoo.com/news/zacks-approach-beat-markets-wisdomtree-142000987.html,"Take the Zacks Approach to Beat the Markets: WisdomTree, SkyWest & PepsiCo in Focus",2025-08-25,2025-08-25,83
https://finance.yahoo.com/video/top-stock-picks-play-industrials-210043647.html,Top stock picks: How to play industrials ahead of Fed meeting,2025-08-23,2025-08-23,61
https://finance.yahoo.com/news/powell-hubbell-applied-industrial-caterpillar-175603815.html,"Powell, Hubbell, Applied Industrial, Caterpillar, and Carlisle Shares Skyrocket, What You Need To Know",2025-08-23,2025-08-23,102
https://finance.yahoo.com/news/caterpillar-hunt-energy-power-data-214210306.html,"Caterpillar, Hunt Energy Power Up For Data Center Boom",2025-08-23,2025-08-23,54
https://finance.yahoo.com/m/6320a349-d1e8-348a-a817-0efff318f7e3/stock-market-today%3A-dow-leaps.html,Stock Market Today: Dow Leaps 800 Points As Powell Bolsters Rate-Cut Hopes; Nvidia Earnings Loom,2025-08-23,2025-08-23,96
https://finance.yahoo.com/news/cat-hunt-energy-transform-future-132400719.html,Can CAT & Hunt Energy Transform the Future of Data Center Power Systems?,2025-08-22,2025-08-22,72
https://finance.yahoo.com/m/6a51e38b-aa4b-3e75-82be-7ae587c4c804/this-ceo-follows-the-buffett.html,This CEO Follows the Buffett Playbook. He’s Winning.,2025-08-22,2025-08-22,52
https://finance.yahoo.com/news/caterpillar-hunt-energy-company-l-125300669.html,"Caterpillar and Hunt Energy Company, L.P. Sign Long-Term Strategic Agreement to Deliver Power Solutions for Data Centers",2025-08-21,2025-08-21,120
https://finance.yahoo.com/news/caterpillar-hunt-energy-collaborate-power-132712706.html,"Caterpillar, Hunt Energy Collaborate to Provide Power Services for Data Centers",2025-08-21,2025-08-21,79
https://finance.yahoo.com/news/caterpillar-hunt-energy-partner-data-151434058.html,"Caterpillar, Hunt Energy Partner On Data Center Power Push, Starting In Texas",2025-08-21,2025-08-21,77
https://finance.yahoo.com/news/does-caterpillar-recent-24-rally-102228307.html,Does Caterpillar’s Recent 24% Rally Signal Room for Growth in 2025?,2025-08-21,2025-08-21,67
https://finance.yahoo.com/m/9290cad0-a8b0-34f0-97a4-c8bf272bf879/why-caterpillar-and-john.html,Why Caterpillar and John Deere are counting the costs of Trump administration tariffs,2025-08-21,2025-08-21,85
https://finance.yahoo.com/news/caterpillar-insider-sold-shares-worth-180318724.html,"Caterpillar Insider Sold Shares Worth $952,840, According to a Recent SEC Filing",2025-08-20,2025-08-20,80
https://finance.yahoo.com/video/northwestern-energy-black-hills-merge-182048468.html,"NorthWestern Energy & Black Hills to merge, Caterpillar upgrade",2025-08-20,2025-08-20,63
https://finance.yahoo.com/m/0ba87909-ade6-339c-8b02-fa2daa333e87/caterpillar-stock-rises.-wall.html,Caterpillar Stock Rises. Wall Street Is Getting More Enthusiastic About Recovery.,2025-08-20,2025-08-20,81
https://finance.yahoo.com/news/palo-alto-upgraded-li-auto-133255280.html,"Palo Alto upgraded, Li Auto downgraded: Wall Street's top analyst calls",2025-08-19,2025-08-19,71
https://finance.yahoo.com/news/evercore-isi-upgrades-caterpillar-outperform-092655013.html,"Evercore ISI Upgrades Caterpillar to Outperform From In Line, Adjusts Price Target to $476 From $373",2025-08-19,2025-08-19,100
https://finance.yahoo.com/m/d7c6d576-8f79-3b6a-9408-780210848966/buffett-bought-unitedhealth..html,Buffett bought UnitedHealth. I bet on Caterpillar. Why Berkshire Hathaway’s picks are smarter.,2025-08-16,2025-08-16,94
https://finance.yahoo.com/news/caterpillar-deere-count-costs-tariffs-150232885.html,"Caterpillar, Deere count the costs of tariffs as soft demand limits pricing power",2025-08-15,2025-08-15,81
https://finance.yahoo.com/news/buffett-secret-stock-warrenai-thinks-173042823.html,Buffett’s secret stock? WarrenAI thinks it’s found the answer,2025-08-15,2025-08-15,61
https://finance.yahoo.com/news/dow-scales-record-high-hopes-134625792.html,"Dow scales record high on hopes of Fed rate cuts, trade deals",2025-08-15,2025-08-15,61
https://finance.yahoo.com/news/jim-cramer-predicts-caterpillar-inc-174315892.html,Jim Cramer Predicts Caterpillar Inc. (CAT) Is Going To Receive “Huge” Orders,2025-08-15,2025-08-15,76
https://finance.yahoo.com/m/21f00637-a171-3671-90d5-611282c1d2e9/warren-buffett-has-secretly.html,Warren Buffett has secretly invested $5 billion into a mystery stock — and the trail leads to this industrial giant,2025-08-15,2025-08-15,115
https://finance.yahoo.com/news/1-large-cap-stock-exciting-044821581.html,1 Large-Cap Stock with Exciting Potential and 2 Facing Headwinds,2025-08-14,2025-08-14,64
https://finance.yahoo.com/news/zacks-analyst-blog-highlights-caterpillar-133200993.html,"The Zacks Analyst Blog Highlights Caterpillar, Komatsu, Terex and The Manitowoc",2025-08-14,2025-08-14,79
https://finance.yahoo.com/news/caterpillar-foundation-surpasses-1-billion-130500108.html,Caterpillar Foundation Surpasses $1 Billion in Global Giving,2025-08-14,2025-08-14,60
https://finance.yahoo.com/news/cat-down-5-since-q2-171100577.html,"CAT Down 5% Since Q2 Earnings Miss: Buy, Sell or Hold the Stock?",2025-08-14,2025-08-14,64
https://finance.yahoo.com/news/jim-cramer-says-doesn-t-193721808.html,Jim Cramer Says He Doesn’t “Want to Buy CAT”,2025-08-14,2025-08-14,44
https://finance.yahoo.com/m/0564d74f-7a6b-3b29-9810-7bb8f9fc0629/are-wall-street-analysts.html,Are Wall Street Analysts Bullish on Caterpillar Stock?,2025-08-14,2025-08-14,54
https://finance.yahoo.com/news/caterpillar-insider-sold-shares-worth-170109638.html,"Caterpillar Insider Sold Shares Worth $902,650, According to a Recent SEC Filing",2025-08-14,2025-08-14,80
https://finance.yahoo.com/news/most-watched-stock-caterpillar-inc-130004377.html,Is Most-Watched Stock Caterpillar Inc. (CAT) Worth Betting on Now?,2025-08-13,2025-08-13,66
https://finance.yahoo.com/news/5-revealing-analyst-questions-caterpillar-033601629.html,5 Revealing Analyst Questions From Caterpillar’s Q2 Earnings Call,2025-08-13,2025-08-13,65
https://finance.yahoo.com/news/cat-q2-deep-dive-tariff-033854704.html,CAT Q2 Deep Dive: Tariff Headwinds Challenge Margins Amid Backlog Growth,2025-08-13,2025-08-13,72
https://finance.yahoo.com/news/qatar-construction-equipment-market-report-101100175.html,Qatar Construction Equipment Market Report 2025-2030 | Government Projects Worth $19 Billion Set to Boost Qatar Construction Equipment Demand,2025-08-13,2025-08-13,141
https://finance.yahoo.com/news/rothschild-co-redburn-adjusts-price-100331117.html,"Rothschild & Co Redburn Adjusts Price Target on Caterpillar to $420 From $345, Maintains Neutral Rating",2025-08-12,2025-08-12,103
https://finance.yahoo.com/news/europe-diesel-gensets-market-forecast-090400601.html,"Europe Diesel Gensets Market Forecast and Company Analysis Report 2025-2033 Featuring Aggreko, Atlas Copco, Ashok Leyland, Caterpillar, Cummins, Cooper, Greaves Cotton, Deere & Co, and Kirloskar",2025-08-12,2025-08-12,194
https://finance.yahoo.com/m/e2020f85-4acd-3b1e-ba61-a0a1e19394be/stock-market-today%3A-dow%2C.html,"Stock Market Today: Dow, Nasdaq Fall, Set Aside Trump-China Tariff Move; Tesla Clears Entry But This AI Stock Craters",2025-08-12,2025-08-12,117
https://finance.yahoo.com/news/3-hyped-stocks-questionable-fundamentals-045945085.html,3 Hyped Up  Stocks with Questionable Fundamentals,2025-08-12,2025-08-12,49
https://finance.yahoo.com/news/da-davidson-adjusts-caterpillar-price-164018974.html,"DA Davidson Adjusts Caterpillar Price Target to $408 From $331, Maintains Neutral Rating",2025-08-09,2025-08-09,88
https://finance.yahoo.com/news/caterpillar-inc-cat-children-behave-192724899.html,"Caterpillar Inc. (CAT): “Children Should Behave,” Before Selling, Says Jim Cramer",2025-08-09,2025-08-09,81
https://finance.yahoo.com/news/2-mega-cap-stocks-impressive-194243114.html,2 Mega-Cap Stocks with Impressive Fundamentals and 1 Facing Headwinds,2025-08-09,2025-08-09,69
https://finance.yahoo.com/m/3c8f0a87-8466-381e-9293-934464544f79/stock-market-today%3A-dow.html,Stock Market Today: Dow Swings To Drop 224 Points; Nasdaq Ekes A Out A Gain,2025-08-08,2025-08-08,75
https://finance.yahoo.com/news/markets-lose-momentum-q2-reports-223200007.html,"Markets Lose Momentum, Late Q2 Reports Move Stocks",2025-08-08,2025-08-08,50
https://finance.yahoo.com/news/jim-cramer-says-always-wait-170141649.html,Jim Cramer Says to Always Wait for Caterpillar’s Conference Call Before Doing Anything,2025-08-08,2025-08-08,86
https://finance.yahoo.com/m/e4062ebf-745f-3da1-9815-b1c9442c74ae/caterpillar-stock-gets.html,Caterpillar Stock Gets Downgraded at Morgan Stanley. Why the Analyst Says ‘Sell.’,2025-08-08,2025-08-08,81
https://finance.yahoo.com/news/why-caterpillar-cat-shares-trading-193615960.html,Why Caterpillar (CAT) Shares Are Trading Lower Today,2025-08-08,2025-08-08,52
https://finance.yahoo.com/m/3c1b9bab-dea0-3c30-b5aa-79288b0c7922/caterpillar-among-groups.html,Caterpillar Among Groups Working on Massive Utah Data Center Campus,2025-08-08,2025-08-08,67
https://finance.yahoo.com/news/caterpillar-shares-fall-morgan-stanley-185439909.html,Caterpillar Shares Fall After Morgan Stanley Downgrade,2025-08-08,2025-08-08,54
https://finance.yahoo.com/news/stock-market-news-aug-8-132200693.html,"Stock Market News for Aug 8, 2025",2025-08-08,2025-08-08,33
https://finance.yahoo.com/news/caterpillar-shares-priced-perfection-says-142225254.html,"Caterpillar shares are ‘priced for perfection,’ says MS as it downgrades stock",2025-08-07,2025-08-07,78
https://finance.yahoo.com/news/zacks-analyst-blog-highlights-caterpillar-102000844.html,"The Zacks Analyst Blog Highlights Caterpillar, Terex and Komatsu",2025-08-07,2025-08-07,64
https://finance.yahoo.com/news/caterpillar-inc-nyse-cat-released-104004002.html,Caterpillar Inc. (NYSE:CAT) Released Earnings Last Week And Analysts Lifted Their Price Target To US$429,2025-08-07,2025-08-07,104
https://finance.yahoo.com/news/caterpillar-risk-reward-turns-negative-154332325.html,"Caterpillar Risk/Reward Turns Negative Amid Weakening Fundamentals, Morgan Stanley Says",2025-08-07,2025-08-07,87
https://finance.yahoo.com/news/morgan-stanley-downgrades-caterpillar-underweight-093255347.html,"Morgan Stanley Downgrades Caterpillar to Underweight From Equalweight, Adjusts PT to $350 From $283",2025-08-07,2025-08-07,99
https://finance.yahoo.com/news/joule-caterpillar-wheeler-announce-agreement-125300650.html,"Joule, Caterpillar, and Wheeler Announce an Agreement to Power America's Growing Data Center Energy Needs",2025-08-07,2025-08-07,105
https://finance.yahoo.com/news/tariff-clarity-help-drive-growth-172526496.html,"Tariff Clarity to Help Drive Growth for Caterpillar in 2026, Analysts Say",2025-08-07,2025-08-07,73
https://finance.yahoo.com/m/12eef28e-52c2-343d-8a00-06e19607dc3b/suddenly-the-dow-is-down..html,Suddenly the Dow Is Down. Blame Healthcare Stocks.,2025-08-07,2025-08-07,50
https://finance.yahoo.com/news/eli-lilly-downgraded-lyft-upgraded-135622442.html,"Eli Lilly downgraded, Lyft upgraded: Wall Street's top analyst calls",2025-08-07,2025-08-07,68
https://finance.yahoo.com/news/caterpillar-sees-volume-rebound-q2-153500560.html,Caterpillar Sees Volume Rebound in Q2: Is the Worst Finally Over?,2025-08-06,2025-08-06,65
https://finance.yahoo.com/news/sens-announces-supertorque-8zr-factory-130000775.html,"SENS Announces SuperTorque® 8ZR, Factory-packaged Complete Genset Engine Starting System",2025-08-06,2025-08-06,88
https://finance.yahoo.com/news/stock-market-news-aug-6-132400523.html,"Stock Market News for Aug 6, 2025",2025-08-06,2025-08-06,33
https://finance.yahoo.com/news/cat-q2-earnings-miss-estimates-162100524.html,"CAT Q2 Earnings Miss Estimates, Down Y/Y on Tariff-Driven Cost Surge",2025-08-06,2025-08-06,68
https://finance.yahoo.com/news/commentary-tariffs-are-denting-profits-and-maybe-soon-your-portfolio-193421241.html,"Commentary: Tariffs are denting profits, and maybe soon your portfolio",2025-08-06,2025-08-06,70
https://finance.yahoo.com/news/ingredient-costs-sagging-demand-tariffs-162541064.html,"From ingredient costs to sagging demand, tariffs further pinch company earnings",2025-08-06,2025-08-06,79
https://finance.yahoo.com/news/conequip-parts-launches-online-store-130000948.html,ConEquip Parts Launches New Online Store for Heavy Equipment Parts,2025-08-06,2025-08-06,66
https://finance.yahoo.com/news/morning-bid-tariff-toll-yet-043132058.html,Morning Bid: Tariff toll yet to deter stock bulls,2025-08-06,2025-08-06,49
https://finance.yahoo.com/video/eaton-caterpillar-lemonade-trending-tickers-195449600.html,"Eaton, Caterpillar, Lemonade: Trending Tickers",2025-08-06,2025-08-06,46
https://finance.yahoo.com/news/stocks-rise-pre-bell-ahead-113436862.html,Stocks Rise Pre-Bell Ahead of Latest Corporate Earnings; Investors Monitor Tariff Developments,2025-08-05,2025-08-05,94
https://finance.yahoo.com/news/trade-deficit-narrowed-more-expected-150300122.html,Trade Deficit Narrowed More Than Expected,2025-08-05,2025-08-05,41
https://finance.yahoo.com/news/pre-markets-slightly-mostly-good-142000884.html,Pre-markets Slightly Up on Mostly Good Q2 Earnings,2025-08-05,2025-08-05,50
https://finance.yahoo.com/video/vertex-pharmaceuticals-kyndryl-caterpillar-trending-134130789.html,"Vertex Pharmaceuticals, Kyndryl, Caterpillar: Trending Tickers",2025-08-05,2025-08-05,62
https://finance.yahoo.com/news/caterpillar-cat-q2-earnings-miss-114001883.html,Caterpillar (CAT) Q2 Earnings Miss Estimates,2025-08-05,2025-08-05,44
https://finance.yahoo.com/news/earnings-fed-outlook-boost-wall-111006316.html,"Earnings, Fed Outlook Boost Wall Street Pre-Bell; Asia, Europe Higher",2025-08-05,2025-08-05,69
https://finance.yahoo.com/m/b938bcf4-29ef-3da8-baab-d3c0eda6b12c/palantir%2C-advanced-micro%2C.html,"Palantir, Advanced Micro, Walt Disney, Pfizer, ZoomInfo, and More Stocks to Watch This Week",2025-08-04,2025-08-04,91
https://finance.yahoo.com/news/caterpillar-set-report-q2-earnings-162200396.html,"Caterpillar is Set to Report Q2 Earnings: Buy, Sell or Hold the Stock?",2025-08-02,2025-08-02,70
https://finance.yahoo.com/m/962e755b-d3db-3430-9e2a-5dece3a71d08/dow-jones-leader-plows-to-new.html,Dow Jones Leader Plows To New Highs As Gold Stock Glows,2025-08-02,2025-08-02,55
https://finance.yahoo.com/news/zacks-approach-beat-markets-anglogold-124100455.html,"Take the Zacks Approach to Beat the Markets: AngloGold Ashanti, Caterpillar & Hershey in Focus",2025-07-28,2025-07-28,94
https://finance.yahoo.com/news/trump-strong-dollar-sounds-good-164837272.html,Trump: strong dollar sounds good but 'you make a hell of a lot more' with a weaker one,2025-07-26,2025-07-26,86
https://finance.yahoo.com/news/zacks-analyst-blog-highlights-cisco-083800742.html,"The Zacks Analyst Blog Highlights Cisco Systems, Caterpillar, Charles Schwab and Elite Pharmaceuticals",2025-07-25,2025-07-25,102
https://finance.yahoo.com/news/top-analyst-reports-cisco-caterpillar-203600538.html,"Top Analyst Reports for Cisco, Caterpillar & Charles Schwab",2025-07-25,2025-07-25,59
https://finance.yahoo.com/news/jim-cramer-expresses-surprise-over-043527671.html,Jim Cramer Expresses Surprise Over Barclays PT for Caterpillar,2025-07-24,2025-07-24,62
https://finance.yahoo.com/news/gerald-johnson-elected-eaton-board-203000136.html,Gerald Johnson elected to Eaton’s Board of Directors,2025-07-24,2025-07-24,52
https://finance.yahoo.com/news/clifford-chance-partners-pocket-record-094502329.html,Clifford Chance partners pocket record £2.1mn,2025-07-23,2025-07-23,45
https://finance.yahoo.com/news/finning-report-q2-2025-results-210000530.html,"Finning to report Q2 2025 results on August 5 and hold investor call on August 6, 2025",2025-07-23,2025-07-23,86
https://finance.yahoo.com/news/zacks-industry-outlook-highlights-caterpillar-090600515.html,"Zacks Industry Outlook Highlights Caterpillar, Komatsu, Terex and Hyster-Yale",2025-07-23,2025-07-23,77
https://finance.yahoo.com/news/caterpillar-apos-2026-earnings-outlook-152739845.html,"Caterpillar's 2026 Earnings Outlook Depends on Construction Performance, UBS Says",2025-07-23,2025-07-23,81
https://finance.yahoo.com/news/caterpillar-cat-rises-higher-market-214502877.html,Caterpillar (CAT) Rises Higher Than Market: Key Facts,2025-07-23,2025-07-23,53
https://finance.yahoo.com/news/4-stocks-watch-promising-construction-170100469.html,4 Stocks to Watch in the Promising Construction & Mining Equipment Industry,2025-07-23,2025-07-23,75
https://finance.yahoo.com/m/a554abc8-885e-30e8-b38d-eaee8d71a1f6/dow-jones-leader-caterpillar%2C.html,"Dow Jones Leader Caterpillar, Sea, Toast, Veeva In Or Near Buy Zones",2025-07-23,2025-07-23,68
https://finance.yahoo.com/news/caterpillar-may-reach-eps-peak-161913305.html,"Caterpillar May Reach New EPS Peak Ahead of Deere on Power-Led Growth, BofA Says",2025-07-22,2025-07-22,80
https://finance.yahoo.com/news/caterpillar-inc-announce-second-quarter-130500250.html,Caterpillar Inc. to Announce Second-Quarter 2025 Financial Results Aug. 5,2025-07-22,2025-07-22,73
https://finance.yahoo.com/news/bofa-securities-adjusts-caterpillar-price-141708602.html,"BofA Securities Adjusts Caterpillar Price Target to $460 From $385, Maintains Buy Rating",2025-07-21,2025-07-21,88
https://finance.yahoo.com/news/caterpillar-inc-cat-trump-bill-123441868.html,"Caterpillar Inc. (CAT): Trump’s Bill “Is Made” For Caterpillar, Says Jim Cramer",2025-07-21,2025-07-21,79
https://finance.yahoo.com/news/goldman-sachs-adjusts-price-target-143956792.html,"Goldman Sachs Adjusts Price Target on Caterpillar to $456 From $418, Maintains Buy Rating",2025-07-21,2025-07-21,89
https://finance.yahoo.com/news/taiwan-semiconductor-manufacturing-company-limited-123831667.html,"Taiwan Semiconductor Manufacturing Company Limited (TSM): It’s Good Because Of NVIDIA, Says Jim Cramer",2025-07-21,2025-07-21,102
https://finance.yahoo.com/news/jim-cramer-caterpillar-wait-till-183051147.html,Jim Cramer on Caterpillar: “I Would Wait Till After the Quarter”,2025-07-19,2025-07-19,64
https://finance.yahoo.com/m/159f301a-c4d7-3645-9533-cf8380b0e35b/here%27s-what%27s-dragging-on-the.html,Here's What's Dragging on the Dow Today,2025-07-18,2025-07-18,39
https://finance.yahoo.com/news/caterpillar-inc-cat-benefit-data-102141411.html,"Caterpillar Inc. (CAT) Will Benefit From Data Center Spending, Says Jim Cramer",2025-07-18,2025-07-18,78
https://finance.yahoo.com/news/caterpillar-cat-surpasses-market-returns-214502912.html,Caterpillar (CAT) Surpasses Market Returns: Some Facts Worth Knowing,2025-07-17,2025-07-17,68
https://finance.yahoo.com/news/caterpillar-inc-cat-dividend-history-140317419.html,Caterpillar Inc. (CAT)’s Dividend History: A Reason to Invest in the Industrial Sector,2025-07-17,2025-07-17,86
https://finance.yahoo.com/news/oppenheimer-adjusts-price-target-caterpillar-143014070.html,"Oppenheimer Adjusts Price Target on Caterpillar to $483 From $395, Maintains Outperform Rating",2025-07-17,2025-07-17,94
https://finance.yahoo.com/news/baird-adjusts-price-target-caterpillar-141018645.html,"Baird Adjusts Price Target on Caterpillar to $500 From $445, Maintains Outperform Rating",2025-07-17,2025-07-17,88
https://finance.yahoo.com/news/caterpillar-cat-2-03-one-160003381.html,Caterpillar (CAT) Is Up 2.03% in One Week: What You Should Know,2025-07-17,2025-07-17,63
https://finance.yahoo.com/m/3aa15669-b095-3d70-baa5-4cb2947f18ab/stock-market-today%3A-indexes.html,"Stock Market Today: Indexes End Higher; Ferrari, Shopify Surpass New Buy Points; ASML Shellacked (Live Coverage)",2025-07-17,2025-07-17,112
https://finance.yahoo.com/news/ouster-vs-luminar-lidar-powerhouse-173300481.html,Ouster vs. Luminar: Which LiDAR Powerhouse is a Safer Long-Term Play?,2025-07-17,2025-07-17,69
https://finance.yahoo.com/m/2fe4da3c-9aa4-34fa-9ec9-801b69917766/caterpillar%27s-q2-2025.html,Caterpillar's Q2 2025 Earnings: What to Expect,2025-07-16,2025-07-16,46
https://finance.yahoo.com/news/wall-street-analysts-think-caterpillar-133004099.html,Wall Street Analysts Think Caterpillar (CAT) Is a Good Investment: Is It?,2025-07-16,2025-07-16,73
https://finance.yahoo.com/m/482445c0-420f-363f-b80d-2c636c8ec083/analysts%3A-the-top-stock-to.html,Analysts: The Top Stock to Buy for Trump’s ‘Big Beautiful Bill’,2025-07-16,2025-07-16,63
https://finance.yahoo.com/news/jim-cramer-says-power-solutions-040246945.html,Jim Cramer Says Power Solutions is an “Amazing Stock”,2025-07-16,2025-07-16,53
https://finance.yahoo.com/news/caterpillar-inc-cat-trending-stock-130005038.html,Caterpillar Inc. (CAT) Is a Trending Stock: Facts to Know Before Betting on It,2025-07-15,2025-07-15,78
https://finance.yahoo.com/news/indonesia-construction-equipment-market-strategic-082300000.html,Indonesia Construction Equipment Market Strategic Assessment & Forecast 2025-2030: Earthmoving Equipment Dominate Indonesian Market Amid Public Infrastructure Investments,2025-07-15,2025-07-15,170
https://finance.yahoo.com/news/uae-construction-equipment-market-report-082400385.html,"UAE Construction Equipment Market Report and Company Analysis 2025-2030, Featuring Caterpillar, Komatsu, Volvo Construction Equipment, Hitachi Construction Machinery, Liebherr, SANY, XCMG, JCB, & More",2025-07-15,2025-07-15,200
https://finance.yahoo.com/news/caterpillar-inc-cat-making-lot-183602977.html,"Caterpillar Inc. (CAT): “You’re Making A Lot Of Money” If You’re Involved In AI Build Out, Says Jim Cramer",2025-07-13,2025-07-13,106
https://finance.yahoo.com/news/top-stock-reports-nvidia-walmart-202700146.html,"Top Stock Reports for NVIDIA, Walmart & Caterpillar",2025-07-11,2025-07-11,51
https://finance.yahoo.com/news/3-stock-portfolio-provides-monthly-151500217.html,This 3 Stock Portfolio Provides Monthly Income,2025-07-11,2025-07-11,46
https://finance.yahoo.com/news/jim-cramer-says-boeing-may-142724922.html,Jim Cramer Says Boeing May Benefit as Tariffs Pressure Trade Partners,2025-07-11,2025-07-11,69
https://finance.yahoo.com/news/centennial-anniversary-caterpillar-growth-now-110000710.html,"At its centennial, Caterpillar finds its growth is now led by powering data centers",2025-07-11,2025-07-11,83
https://finance.yahoo.com/news/zacks-analyst-blog-highlights-nvidia-092300806.html,"The Zacks Analyst Blog Highlights NVIDIA, Walmart, Caterpillar, Seneca Foods and Waterstone",2025-07-11,2025-07-11,91
https://finance.yahoo.com/m/f9762ffb-7139-3d50-b31e-3db1fd08cf76/stock-market-today%3A-small.html,"Stock Market Today: Small Caps Rise, Edging Dow; Travel Firms Jump On Oil Drop But Byrna, Axon Trip Sell Rules (Live Coverage)",2025-07-11,2025-07-11,126
https://finance.yahoo.com/news/citigroup-adjusts-price-target-caterpillar-134402023.html,"Citigroup Adjusts Price Target on Caterpillar to $460 From $420, Maintains Buy Rating",2025-07-10,2025-07-10,85
https://finance.yahoo.com/news/annette-slyman-brings-global-marketing-144600129.html,"Annette Slyman brings Global Marketing, Commercial and Operational Experience to Galacxia, Inc. as Chief Operating Officer of Life Backup Plan App",2025-07-10,2025-07-10,146
https://finance.yahoo.com/news/caterpillar-cat-surpasses-market-returns-214501703.html,Caterpillar (CAT) Surpasses Market Returns: Some Facts Worth Knowing,2025-07-10,2025-07-10,68
https://finance.yahoo.com/news/jpmorgan-adjusts-price-target-caterpillar-131737258.html,"JPMorgan Adjusts Price Target on Caterpillar to $475 From $395, Maintains Overweight Rating",2025-07-10,2025-07-10,91
https://finance.yahoo.com/video/stock-investors-less-diversified-now-201410299.html,"Stock investors should be less diversified now, says portfolio manager",2025-07-10,2025-07-10,70
https://finance.yahoo.com/m/9439a420-751b-32df-8217-283d2894399a/why-caterpillar-stock-jumped.html,Why Caterpillar Stock Jumped 11.5% in June,2025-07-09,2025-07-09,42
https://finance.yahoo.com/news/microsoft-upgraded-instacart-initiated-wall-133924874.html,"Microsoft upgraded, Instacart initiated: Wall Street's top analyst calls",2025-07-09,2025-07-09,72
https://finance.yahoo.com/news/unifor-members-toromont-strike-fight-142400106.html,Unifor members at Toromont on strike as they fight for first contract,2025-07-08,2025-07-08,69
https://finance.yahoo.com/news/jennifer-wolfenbarger-joins-franklin-electric-204900380.html,"Jennifer Wolfenbarger Joins Franklin Electric as Chief Financial Officer, Bringing Extensive Financial Leadership in Global Operations",2025-07-08,2025-07-08,134
https://finance.yahoo.com/m/4c43ca91-f409-3c1e-93a4-1ea09bf00e87/nvidia%2C-qualcomm%2C-and-more.html,"Nvidia, Qualcomm, and More Could Gain From Growing Autonomous Vehicle Market, BofA Says",2025-07-03,2025-07-03,87
https://finance.yahoo.com/news/why-caterpillar-cat-outpaced-stock-214501419.html,Why Caterpillar (CAT) Outpaced the Stock Market Today,2025-07-03,2025-07-03,53
https://finance.yahoo.com/news/caterpillar-inc-nyse-cat-high-110111205.html,Is Caterpillar Inc. (NYSE:CAT) A High Quality Stock To Own?,2025-07-03,2025-07-03,59
https://finance.yahoo.com/m/43f47cc4-1847-3be9-8fa9-9f5702dff7e4/heard-on-the-street-tuesday.html,Heard on the Street Tuesday Recap: Squeaking By,2025-07-02,2025-07-02,47
https://finance.yahoo.com/news/attempts-kill-dei-inadvertently-made-162654366.html,The anti-DEI movement has inadvertently made corporate diversity stronger,2025-07-02,2025-07-02,73
https://finance.yahoo.com/news/baird-adjusts-price-target-caterpillar-102400800.html,"Baird Adjusts Price Target on Caterpillar to $445 From $422, Maintains Outperform Rating",2025-07-02,2025-07-02,88
https://finance.yahoo.com/m/f9af431a-64f4-342c-ba77-a7af73b26f2d/q%26a%3A-caterpillar-consolidates.html,Q&A: Caterpillar consolidates its move into the energy storage space,2025-07-01,2025-07-01,68
https://finance.yahoo.com/news/caterpillar-inc-cat-attracting-investor-130005784.html,Caterpillar Inc. (CAT) is Attracting Investor Attention: Here is What You Should Know,2025-07-01,2025-07-01,85
https://finance.yahoo.com/news/norway-pension-fund-blacklists-firms-070443581.html,Norway Pension Fund Blacklists Firms Supplying Israeli Army,2025-07-01,2025-07-01,59
https://finance.yahoo.com/news/3-reasons-sell-cat-1-040318051.html,3 Reasons to Sell CAT and 1 Stock to Buy Instead,2025-06-30,2025-06-30,48
https://finance.yahoo.com/news/bernstein-reiterates-304-price-target-094128281.html,Bernstein Reiterates $304 Price Target on Caterpillar (CAT) Amid Power Sector Expansion,2025-06-28,2025-06-28,87
https://finance.yahoo.com/m/ff9a0a01-0664-3180-b72c-db2866760498/meta-data-center-filings.html,Meta Data Center Filings Reveal Surprising AI Winners,2025-06-27,2025-06-27,53
https://finance.yahoo.com/news/saudi-construction-equipment-market-surge-133100560.html,Saudi Construction Equipment Market to Surge: Can CAT Capitalize?,2025-06-27,2025-06-27,65
https://finance.yahoo.com/news/cat-outpaces-industry-3-months-151400000.html,CAT Outpaces Industry in 3 Months: Time to Buy the Stock?,2025-06-26,2025-06-26,57
https://finance.yahoo.com/news/tracking-strong-dividend-increase-trends-102718341.html,Tracking Strong Dividend-Increase Trends Amid Macro Uncertainty,2025-06-26,2025-06-26,63
https://finance.yahoo.com/news/5-must-read-analyst-questions-114016255.html,5 Must-Read Analyst Questions From Caterpillar’s Q1 Earnings Call,2025-06-25,2025-06-25,65
https://finance.yahoo.com/news/saudi-arabia-construction-equipment-market-111000404.html,Saudi Arabia Construction Equipment Market Forecast Report 2025-2030: Saudi Ports Expansion and New Logistics Parks Drive Material Handling Equipment Demand,2025-06-25,2025-06-25,156
https://finance.yahoo.com/news/caterpillar-inc-cat-bull-case-222130037.html,Caterpillar Inc. (CAT): A Bull Case Theory,2025-06-25,2025-06-25,42
https://finance.yahoo.com/news/caterpillar-cat-exceeds-market-returns-214504547.html,Caterpillar (CAT) Exceeds Market Returns: Some Facts to Consider,2025-06-24,2025-06-24,64
https://finance.yahoo.com/news/deere-sustain-5-double-digit-131900072.html,Can Deere Sustain Its 5-Year Double-Digit Dividend Growth Streak?,2025-06-24,2025-06-24,65
https://finance.yahoo.com/m/89c8dc1f-2ea4-366f-8e0c-ab3e00d7a5a2/an-%E2%80%98impossible%E2%80%99-pip-revives.html,An ‘impossible’ PIP revives age bias lawsuit against Caterpillar,2025-06-24,2025-06-24,64
https://finance.yahoo.com/news/truist-securities-adjusts-price-target-103052027.html,"Truist Securities Adjusts Price Target on Caterpillar to $414 From $396, Maintains Buy Rating",2025-06-23,2025-06-23,93
https://finance.yahoo.com/news/caterpillar-inc-host-2025-investor-130500168.html,Caterpillar Inc. to Host 2025 Investor Day Nov. 4,2025-06-23,2025-06-23,49
https://finance.yahoo.com/news/caterpillars-e-t-segment-continue-144500425.html,Can Caterpillar's E&T Segment Continue to be Its Saving Grace?,2025-06-23,2025-06-23,62
https://finance.yahoo.com/m/7cb2ce35-e5f6-38be-af9f-e884a1906059/caterpillar-is-an-ai.html,Caterpillar Is an AI Data-Center Play. It’s More Than Construction.,2025-06-21,2025-06-21,67
https://finance.yahoo.com/news/caterpillar-underappreciated-ai-infrastructure-beneficiary-152054140.html,"Caterpillar Underappreciated as AI Infrastructure Beneficiary, Oppenheimer Says",2025-06-20,2025-06-20,79
https://finance.yahoo.com/news/2-large-cap-stocks-consider-043900061.html,2 Large-Cap Stocks to Consider Right Now and 1 to Steer Clear Of,2025-06-20,2025-06-20,64
https://finance.yahoo.com/news/caterpillar-inc-cat-trending-stock-130005271.html,Caterpillar Inc. (CAT) Is a Trending Stock: Facts to Know Before Betting on It,2025-06-19,2025-06-19,78
https://finance.yahoo.com/news/caterpillar-e-t-segment-likely-182617078.html,Caterpillar’s E&T segment is likely a core driver to the next EPS cycle: BofA,2025-06-18,2025-06-18,77
https://finance.yahoo.com/news/caterpillar-cat-suffers-larger-drop-214504203.html,Caterpillar (CAT) Suffers a Larger Drop Than the General Market: Key Insights,2025-06-18,2025-06-18,77
https://finance.yahoo.com/news/cats-dividend-hike-revive-investor-151500369.html,Will CAT's Dividend Hike Revive Investor Confidence in Uncertain Times?,2025-06-16,2025-06-16,71
https://finance.yahoo.com/news/caterpillar-nyse-cat-increasing-dividend-120421198.html,Caterpillar (NYSE:CAT) Is Increasing Its Dividend To $1.51,2025-06-15,2025-06-15,58
https://finance.yahoo.com/news/caterpillar-nyse-cat-increases-quarterly-173523647.html,Caterpillar (NYSE:CAT) Increases Quarterly Dividend By US$0.10 To US$1.51 Per Share,2025-06-13,2025-06-13,83
https://finance.yahoo.com/news/caterpillar-vs-volvo-heavy-equipment-154100503.html,Caterpillar vs. Volvo: Which Heavy Equipment Stock is the Better Buy Now?,2025-06-13,2025-06-13,73
https://finance.yahoo.com/news/2-volatile-stocks-exciting-potential-043816745.html,2 Volatile Stocks with Exciting Potential and 1 to Be Wary Of,2025-06-13,2025-06-13,61
https://finance.yahoo.com/news/caterpillar-cat-rises-market-takes-214502479.html,Caterpillar (CAT) Rises As Market Takes a Dip: Key Facts,2025-06-12,2025-06-12,56
https://finance.yahoo.com/m/47e8111d-963d-3af2-8d4a-8ffc62800c54/market-digest%3A-ilmn%2C-cat%2C.html,"Market Digest: ILMN, CAT, BBWI, WBD",2025-06-11,2025-06-11,35
https://finance.yahoo.com/news/caterpillar-inc-increases-dividend-141900277.html,Caterpillar Inc. Increases Dividend,2025-06-11,2025-06-11,35
https://finance.yahoo.com/news/caterpillar-volumes-keep-sliding-time-131100476.html,Caterpillar Volumes Keep Sliding: Is It Time for Investors to Worry?,2025-06-09,2025-06-09,68
https://finance.yahoo.com/news/manitowoc-company-mtw-25-5-153102271.html,The Manitowoc Company (MTW) Up 25.5% Since Last Earnings Report: Can It Continue?,2025-06-05,2025-06-05,81
https://finance.yahoo.com/m/1ef78e6a-09d8-30f4-b146-5e51d0f03786/cat-footwear-releases-100th.html,Cat Footwear Releases 100th Anniversary Boot Collection Inspired by Major Moments in History,2025-06-04,2025-06-04,92
https://finance.yahoo.com/news/caterpillar-inc-cat-attracting-investor-130015272.html,Caterpillar Inc. (CAT) is Attracting Investor Attention: Here is What You Should Know,2025-06-04,2025-06-04,85
https://finance.yahoo.com/m/9b15ab5b-ac78-3547-9d87-f6dca16f87f2/prediction%3A-caterpillar%27s.html,Prediction: Caterpillar's Stock Becomes a Buy When This Key Number Turns Around,2025-05-31,2025-05-31,79
https://finance.yahoo.com/news/cat-stock-trades-premium-value-160400657.html,"CAT Stock Trades at Premium Value: Should You Buy, Hold or Sell?",2025-05-30,2025-05-30,64
https://finance.yahoo.com/m/416079c0-dddd-35b5-b0af-e4560e468dfc/prediction%3A-this-american.html,Prediction: This American Industrial Giant Could Be Warren Buffett's New Secret Stock,2025-05-30,2025-05-30,85
https://finance.yahoo.com/news/why-caterpillar-cat-12-1-153121983.html,Why Is Caterpillar (CAT) Up 12.1% Since Last Earnings Report?,2025-05-30,2025-05-30,61
https://finance.yahoo.com/news/q1-earnings-highlights-terex-nyse-033319075.html,Q1 Earnings Highlights: Terex (NYSE:TEX) Vs The Rest Of The Construction Machinery Stocks,2025-05-29,2025-05-29,89
https://finance.yahoo.com/news/1-p-500-stock-long-043548043.html,1 S&P 500 Stock for Long-Term Investors and 2 to Brush Off,2025-05-29,2025-05-29,58
https://finance.yahoo.com/news/investors-undervaluing-caterpillar-inc-nyse-120018312.html,Are Investors Undervaluing Caterpillar Inc. (NYSE:CAT) By 31%?,2025-05-25,2025-05-25,62
https://finance.yahoo.com/m/e132128e-16e2-30ae-bb03-227f91d7dab2/caterpillar-reveals-two.html,Caterpillar reveals two control systems to manage multiple power generation,2025-05-23,2025-05-23,75
https://finance.yahoo.com/news/exclusive-us-china-trade-truce-053925886.html,"Exclusive-US-China trade truce may ease Komatsu's tariff pain by $140 million, CEO says",2025-05-22,2025-05-22,87
https://finance.yahoo.com/news/1-unpopular-stock-more-attention-043207769.html,1 Unpopular Stock that Should Get More Attention and 2 to Approach with Caution,2025-05-22,2025-05-22,79
https://finance.yahoo.com/news/astec-nasdaq-aste-strongest-q1-033500844.html,Astec (NASDAQ:ASTE): Strongest Q1 Results from the Construction Machinery Group,2025-05-21,2025-05-21,79
https://finance.yahoo.com/news/top-analyst-reports-walmart-palantir-210700298.html,"Top Analyst Reports for Walmart, Palantir & Uber",2025-05-20,2025-05-20,48
https://finance.yahoo.com/m/4fe3b211-69b5-312b-b3c4-410f16968161/the-top-corporate-board.html,The Top Corporate Board Directors,2025-05-19,2025-05-19,33
https://finance.yahoo.com/news/ubs-upgraded-caterpillar-inc-cat-145420032.html,UBS Upgraded Caterpillar Inc. (CAT) as Trade Outlook Brightens,2025-05-18,2025-05-18,62
https://finance.yahoo.com/news/cat-vs-kmtuy-heavy-equipment-180000856.html,CAT Vs KMTUY: Which Heavy Equipment Stock is the Better Buy Now?,2025-05-17,2025-05-17,64
https://finance.yahoo.com/news/caterpillar-earnings-prospects-improve-following-200218943.html,"Caterpillar Earnings Prospects Improve Following Trade War De-escalation, UBS Says in Upgrade",2025-05-17,2025-05-17,93
https://finance.yahoo.com/news/construction-machinery-stocks-q1-review-033357057.html,Construction Machinery Stocks Q1 In Review: Manitowoc (NYSE:MTW) Vs Peers,2025-05-14,2025-05-14,73
https://finance.yahoo.com/m/214f6433-18a4-3340-8ed2-6fb1549b6713/why-heavy-equipment-stocks.html,Why Heavy Equipment Stocks Gained Ground Today,2025-05-13,2025-05-13,46
https://finance.yahoo.com/news/construction-machinery-stocks-q1-teardown-033232238.html,Construction Machinery Stocks Q1 Teardown: Caterpillar (NYSE:CAT) Vs The Rest,2025-05-08,2025-05-08,77
https://finance.yahoo.com/news/terex-q1-earnings-revenues-beat-164100155.html,"Terex Q1 Earnings & Revenues Beat Estimates, Decline Y/Y on Low Volumes",2025-05-08,2025-05-08,71
https://finance.yahoo.com/news/caterpillar-misses-q1-earnings-buy-165000221.html,"Caterpillar Misses on Q1 Earnings: Buy, Sell or Hold the Stock?",2025-05-03,2025-05-03,63
https://finance.yahoo.com/news/cat-q1-earnings-revenues-miss-165400470.html,CAT Q1 Earnings & Revenues Miss Estimates on Weak Volumes,2025-05-01,2025-05-01,57
https://finance.yahoo.com/m/de1f0c98-1ba4-35c6-a2c9-45a490163438/caterpillar-gives-goods-news.html,"Caterpillar Gives Goods News About Trump Tariffs' Impact, But CAT Stock Fades",2025-04-30,2025-04-30,77
https://finance.yahoo.com/news/illinois-tool-gears-report-q1-135100066.html,Illinois Tool Gears Up to Report Q1 Earnings: What to Expect,2025-04-28,2025-04-28,60
https://finance.yahoo.com/news/reddit-initiated-target-downgraded-wall-150025916.html,"Reddit initiated, Target downgraded: Wall Street’s top analyst calls",2025-04-17,2025-04-17,68
